group,00-lpdoh2,01-rxt,02-ts-rxt-c1,03-c1,04-ts-c1-c2,05-c2,06-c2-h2o,07-ts-c2-c3,08-c3-boh3,09-c3,10-ts-c3-c4,11-c4,12-ts-rxt-t1,13-t1,14-ts-t1-t2,15-t2,16-t2-h2o,17-ts-t2-t3,18-t3-boh3,19-t3,20-ts-t3-t4,21-t4,22-c5,23-ts-c5-c6,24-t5,25-ts-t5-t6,26-t6,27-ts-t2-xa,28-xa,29-ts-xa-t3,30-ts-t2-xb,31-xb,32-ts-xb-t3,33-ts-rxt-ya,34-ya,35-ts-ya-c1,36-ts-rxt-yb,37-yb,38-ts-yb-c1,39-t2-lig,40-ts-t2-p1,41-p1-boh3,42-p1,43-t3-lig,44-ts-t3-p1,45-p1-h2o,58-c2alt,59-ts-t2-t3rh,60-t3ob,60-t3rh,61-ts-t3rh-t3ob,62-t3ob-rh,64-t3ob-1h2o,65-ts-t3ob-1h2o-t4ob,66-t4ob,67-t3ob-2h2o,68-ts-t3ob-2h2o-t4ob,69-t4ob-1h2o,70-c2dim,71-c2-naphboh2,72-hc1,72-ts-c2-naphboh2-hc1,73-hc1-boh3,75-ts-hc1-hc2,76-hc2,77-ts-hc2-hc3,78-hc3,79-ts-hc3-pd0boh3,80-lpd0boh3,81-hc4,82-ts-hc4-lpd0,83-lpd0,exp_yield,exp_error,max_C_TM,max_C_TM_name,max_T_uncorr,max_T_uncorr_name,max_overall_uncorr_name,ddG_uncorr,17-ts-t2-t3-corr_1.0,max_T_corr_1.0,max_T_corr_1.0_name,max_overall_corr_1.0_name,ddG_corr_1.0,17-ts-t2-t3-corr_3.5,max_T_corr_3.5,max_T_corr_3.5_name,max_overall_corr_3.5_name,ddG_corr_3.5,17-ts-t2-t3-corr_5.0,max_T_corr_5.0,max_T_corr_5.0_name,max_overall_corr_5.0_name,ddG_corr_5.0
2c-pph3,0.0,2.765120877838797,13.593425848642948,2.0736053423570278,5.964164615659055,-29.89173165578261,-27.998535312570482,-22.379814710336696,-27.701723290546596,-22.714904815366594,7.940192220897698,-7.816572836774513,10.168478669139724,2.5285497734448454,13.641116575385336,-3.6844223826093736,-0.19421420843633944,11.215164615528035,-4.2284731711674794,-3.84318230144597,14.545357851889863,-10.441445327221698,-19.571709428479775,14.128691503808058,11.414085146117921,17.17148536131166,,,,,,,,,,,,,,-7.030930867353295,3.942956321912603,-41.82445345351186,-41.938032683840646,-7.610122191480886,-4.554150633031719,-38.93163438059578,,,,,,,,,,,,,,,,,,,,,,,,,,,0.008,0.0001,13.593425848642948,02-ts-rxt-c1,14.545357851889863,20-ts-t3-t4,20-ts-t3-t4,-0.951932003246915,13.804924873616999,14.545357851889863,20-ts-t3-t4,20-ts-t3-t4,-0.951932003246915,12.975595459113777,14.545357851889863,20-ts-t3-t4,20-ts-t3-t4,-0.951932003246915,12.739476552454244,14.545357851889863,20-ts-t3-t4,20-ts-t3-t4,-0.951932003246915
2d-potol3,0.0,3.9351124523225294,14.919039794812107,4.182351219427467,6.228659895234366,-29.067497848469046,-25.125482791500797,-19.312861735146285,-24.096994622241855,-22.07327629026082,10.00626744769491,-5.200799235177371,9.754636113893476,2.561494025095366,14.426444789920223,-1.357303178274352,0.47188718981329225,11.380513384694737,2.3650835330254196,-4.346131214162508,13.934477294801003,-10.508275095181736,-20.33381978941613,12.475517567027385,13.019568356156206,20.315622012857478,,,,,,,,,,,,,,,,,,,,,,,,,,,,,,,,,,,,,,,,,,,,,,,0.647,0.0333,14.919039794812107,02-ts-rxt-c1,14.426444789920223,14-ts-t1-t2,02-ts-rxt-c1,0.4925950048918839,13.9702736427837,14.426444789920223,14-ts-t1-t2,02-ts-rxt-c1,0.4925950048918839,13.140944228280478,14.426444789920223,14-ts-t1-t2,02-ts-rxt-c1,0.4925950048918839,12.904825321620946,14.426444789920223,14-ts-t1-t2,02-ts-rxt-c1,0.4925950048918839
2e-pipr3,0.0,2.9659239366052406,16.900401230835527,4.392880676531259,10.090039973809706,-23.07948787029487,-23.316058974688822,-17.65843277967636,-21.96440338180022,-17.761344347294163,9.76624504069274,-4.1017162404638405,10.619030532960327,2.8586198017202245,14.762476159323759,2.5298047921340983,4.140621833242519,15.574473530350753,3.4566364127498495,-0.5970753466559875,14.49578459611484,-9.966420590257236,-16.636847215348496,15.026657684012738,15.031050250994594,18.72206148421943,,,,,,,,,,,,,,-0.8392940370064058,12.630198673483099,-25.585761054229465,-26.92298392691253,-0.7671304374055173,11.103467913375805,-25.97669950990744,,,,,,,,,,,,,,,,,,,,,,,,,,,0.035,0.0131,16.900401230835527,02-ts-rxt-c1,15.574473530350753,17-ts-t2-t3,02-ts-rxt-c1,1.3259277004847743,18.164233788439716,18.164233788439716,17-ts-t2-t3-corr_1.0,17-ts-t2-t3-corr_1.0,-1.2638325576041893,17.334904373936496,17.334904373936496,17-ts-t2-t3-corr_3.5,17-ts-t2-t3-corr_3.5,-0.4345031431009687,17.09878546727696,17.09878546727696,17-ts-t2-t3-corr_5.0,17-ts-t2-t3-corr_5.0,-0.19838423644143433
2f-pcpt3,0.0,0.8615706268020155,15.331313576197413,5.104790273061362,8.976524259461357,-27.06072227464277,-24.95291766223133,-19.482289316123154,-22.941749521708555,-20.197650214976115,9.820524617765233,-4.563249521881763,10.107923996623459,1.3742459375705436,15.855911568080822,-0.4656120932280868,3.128135158050055,14.273959967098115,1.6641553538072758,-1.0040152961150843,14.536886472812483,-11.616456978745308,-19.157866873233523,15.521448972823586,13.920044575166184,17.943635875186338,,,,,,,,,,,,,,-1.55559619966229,10.359555330139536,-30.782481476740596,-29.797291467242186,-2.621107432667277,9.627879182904477,-26.310848350563703,,,,,,,,,,,,,,,,,,,,,,,,,,,0.04,0.0091,15.331313576197413,02-ts-rxt-c1,15.855911568080822,14-ts-t1-t2,14-ts-t1-t2,-0.5245979918834092,16.86372022518708,16.86372022518708,17-ts-t2-t3-corr_1.0,17-ts-t2-t3-corr_1.0,-1.5324066489896673,16.034390810683856,16.034390810683856,17-ts-t2-t3-corr_3.5,17-ts-t2-t3-corr_3.5,-0.7030772344864431,15.798271904024324,15.855911568080822,14-ts-t1-t2,14-ts-t1-t2,-0.5245979918834092
2g-pcy3,0.0,2.2533868308731897,16.3083459606487,5.909257528813898,10.564123446685887,-25.12234524377891,-22.368833293595454,-15.343863766799599,-21.638412165620366,-17.0795552104351,10.753003824052092,-1.0818264816724394,11.12009691692959,4.476025693158749,16.223004660672963,1.7162386472461615,5.889804732139201,16.74195506688526,8.680339746639419,1.8386030112533027,19.506134679779706,-6.502254063089004,-15.766805210325176,15.997101218989997,7.1153309032407535,23.05846630004459,,,,,,,,,,,,,,-1.9402595604672106,11.625242112709019,-24.371843809927178,-28.1394112094494,-0.3325800670806762,11.160885038170186,-19.492956979119498,-20.891048279205158,,,,,,,,,,,,-34.332616813942586,-25.318755736134214,-32.615436902608145,-17.343109225636773,-30.501357194182216,-26.37234428773896,-33.54603358043309,-18.27056835573983,-33.764406907412315,-24.31348542075916,-55.71280879514605,-34.35426589368018,-29.506127031460124,-46.41813718909492,0.036,0.028,16.3083459606487,02-ts-rxt-c1,19.506134679779706,20-ts-t3-t4,20-ts-t3-t4,-3.1977887191310046,19.331715324974226,19.506134679779706,20-ts-t3-t4,20-ts-t3-t4,-3.1977887191310046,18.502385910471002,19.506134679779706,20-ts-t3-t4,20-ts-t3-t4,-3.1977887191310046,18.266267003811468,19.506134679779706,20-ts-t3-t4,20-ts-t3-t4,-3.1977887191310046
2h-pcy2tbu,0.0,-0.35956297788839836,12.221376195276727,7.538272347337046,12.198785850880144,-26.32528107048388,-23.63765762445754,-18.17518690254041,-22.15171498559084,-19.776591300197815,9.816759560270683,0.6739452675543469,9.286513982145449,2.1548678299518844,12.759151888391061,-1.234938814267211,3.338978370040179,12.353780712222191,2.539531190471447,-1.7714594884069335,13.062239005858718,-10.267311424376645,-17.804956261941026,17.765423159675045,14.758397347228236,19.05872036339563,,,,,,,,,,,,,,,,,,,,,,,,,,,,,,,,,,,,,,,,,,,,,,,0.1,0.0255,12.221376195276727,02-ts-rxt-c1,13.062239005858718,20-ts-t3-t4,20-ts-t3-t4,-0.8408628105819904,14.943540970311155,14.943540970311155,17-ts-t2-t3-corr_1.0,17-ts-t2-t3-corr_1.0,-2.722164775034427,14.114211555807932,14.114211555807932,17-ts-t2-t3-corr_3.5,17-ts-t2-t3-corr_3.5,-1.8928353605312047,13.8780926491484,13.8780926491484,17-ts-t2-t3-corr_5.0,17-ts-t2-t3-corr_5.0,-1.656716453871672
2i-ptbu2cy,0.0,2.685113408647835,17.137913599888474,10.540905593087357,14.64293558843753,-25.06837942159275,-23.05595626152465,-16.256262667209814,-19.78663145313614,-17.88088491846575,14.570144479349336,2.223893881545529,11.07491622870714,2.7409617595812708,14.007895913091144,-1.1546175907606335,3.7914127628934158,15.399712118018392,2.9549425190079224,-1.0661387424922923,14.133397825390889,-9.989952198742099,-11.615201959770697,18.69037225182888,15.656363527718273,20.776841539389064,,,,,,,,,,,,,,,,,,,,,,,,,,,,,,,,,,,,,,,,,,,,,,,0.322,0.0127,17.137913599888474,02-ts-rxt-c1,15.399712118018392,17-ts-t2-t3,02-ts-rxt-c1,1.7382014818700817,17.989472376107358,17.989472376107358,17-ts-t2-t3-corr_1.0,17-ts-t2-t3-corr_1.0,-0.8515587762188837,17.160142961604134,17.160142961604134,17-ts-t2-t3-corr_3.5,17-ts-t2-t3-corr_3.5,-0.02222936171565948,16.9240240549446,16.9240240549446,17-ts-t2-t3-corr_5.0,02-ts-rxt-c1,0.2138895449438749
2j-ptbu3,0.0,2.3079801628320142,11.682972992675088,11.27069921157514,16.267557839693463,-25.38276171097334,-23.271819550269292,-15.74546988518856,-19.00098948342956,-18.446898541647773,15.476268284030422,2.571534178033688,11.733173757652057,2.459837476452175,13.182093331916636,-2.353788359971053,1.1263796606929422,12.26718439327184,-1.8505256929388998,-3.496483269331448,13.164523064559932,-6.398087475640515,-14.9767706739221,24.650458054536333,14.355536209579304,20.19325764827962,,,,,,,,,,,,,,,,,,,,,-21.211078154542218,,,,,,,,,,,,-30.16501206960699,-21.1728000715362,-32.28787691171127,-13.337715702460631,-28.924425669097953,-26.14204827878878,-31.37673303027567,-20.523955186042304,-35.47750800636587,-31.249976099001316,-61.544255138117244,-42.012392566504424,-39.994321820765215,-59.398172442129066,0.907,0.0186,16.267557839693463,04-ts-c1-c2,13.182093331916636,14-ts-t1-t2,04-ts-c1-c2,3.085464507776827,14.856944651360804,14.856944651360804,17-ts-t2-t3-corr_1.0,04-ts-c1-c2,1.4106131883326594,14.027615236857581,14.027615236857581,17-ts-t2-t3-corr_3.5,04-ts-c1-c2,2.2399426028358818,13.791496330198049,13.791496330198049,17-ts-t2-t3-corr_5.0,04-ts-c1-c2,2.4760615094954144
2k-pad3,0.0,1.326241455941823,10.462153142871006,8.02239597315155,15.405673458575833,-26.38646325277281,-22.847309332882773,-17.363503285543676,-18.759084547965475,-19.845931106107074,15.829869921646738,-5.42952646969589,11.407810050674149,2.574357971439959,13.611623625772317,-3.422123386667669,0.4916537408036047,10.000933616910133,1.1078681286772407,-2.269388324083594,13.973069132693348,-7.2637369142526955,-14.827109643935547,23.542589925859094,4.553523123829772,22.56430252186248,,,,,,,,,,,,,,,,,,,,,,,,,,,,,,,,,,,,,,,,,,,,,,,0.43,0.0466,15.405673458575833,04-ts-c1-c2,13.973069132693348,20-ts-t3-t4,04-ts-c1-c2,1.432604325882485,12.590693874999097,13.973069132693348,20-ts-t3-t4,04-ts-c1-c2,1.432604325882485,11.761364460495875,13.973069132693348,20-ts-t3-t4,04-ts-c1-c2,1.432604325882485,11.525245553836342,13.973069132693348,20-ts-t3-t4,04-ts-c1-c2,1.432604325882485
3a-iprjohnphos,0.0,0.9927201244875093,16.36231178312022,1.0460584371863646,10.117964149276423,-26.888784655716684,-24.043656309828357,-16.479656070658198,-26.165266132672674,-20.08658102288191,13.039648661747494,-2.5752992349575217,12.558976338826565,1.4482920650626323,11.74446892956499,-6.275095602146068,-1.1872480878101808,11.046050788866786,-4.451552820014891,-5.773715463575832,12.55458377155935,-9.40636830763265,-20.809472036153256,12.589096797641531,10.700293021125901,18.512159536317586,,,,,,,,13.20091861881867,3.4086319314064872,16.523581740191396,19.23254051163971,5.875999522277045,21.575661209470493,1.7005509083513728,13.643312858448226,-20.437358867091955,-27.835696582209078,2.1661630018648177,11.686110540111615,-16.562487332684714,,,,,,,,,,,,,,,,,,,,,,,,,,,0.085,0.0431,16.36231178312022,02-ts-rxt-c1,12.558976338826565,12-ts-rxt-t1,02-ts-rxt-c1,3.803335444293655,13.63581104695575,13.63581104695575,17-ts-t2-t3-corr_1.0,02-ts-rxt-c1,2.7265007361644695,12.806481632452527,12.806481632452527,17-ts-t2-t3-corr_3.5,02-ts-rxt-c1,3.555830150667692,12.570362725792995,12.570362725792995,17-ts-t2-t3-corr_5.0,02-ts-rxt-c1,3.7919490573272245
3b-phjohnphos,0.0,5.136165750280224,14.673683556454444,5.993343809815025,10.695900453858687,-27.2163446463282,-23.204048518220976,-17.510654278151723,-21.966599665433826,-21.810349785117168,10.972632170005928,-3.307602891965243,13.628880138813408,4.390056883410346,14.834326004038315,-3.53476135262282,-2.7077037524737015,9.239450764605008,-0.6902605159364413,-4.043671605896798,15.40033962722034,-7.301073733170431,-20.501364842216436,16.256890176982477,13.074789196746263,20.65949725128037,,,,,,,,,,,,,,,,,,,,,,,,,,,,,,,,,,,,,,,,,,,,,,,0.186,0.0007,14.673683556454444,02-ts-rxt-c1,15.40033962722034,20-ts-t3-t4,20-ts-t3-t4,-0.7266560707658964,11.829211022693972,15.40033962722034,20-ts-t3-t4,20-ts-t3-t4,-0.7266560707658964,10.99988160819075,15.40033962722034,20-ts-t3-t4,20-ts-t3-t4,-0.7266560707658964,10.763762701531217,15.40033962722034,20-ts-t3-t4,20-ts-t3-t4,-0.7266560707658964
3c-phdavephos,0.0,2.902231715796373,15.85277401978822,7.714602533530348,12.98756536802325,-23.09172430715216,-23.296292423413153,-16.037261830743287,-23.563611496394735,-19.223755377676,13.803955306032098,-3.2122214390511825,13.536636233050515,3.770704947244108,13.91690702687358,-2.788024975980279,-2.3456307363507225,13.71233891004187,-4.046181644416737,-3.920052222915046,15.490073494463292,-5.377756931143336,-15.764922681863258,23.118707218245238,3.8949518405692403,20.739190965585,,,,,,,,,,,,,,,,,,,,,,,,,,,,,,,,,,,,,,,,,,,,,,,0.089,0.0,15.85277401978822,02-ts-rxt-c1,15.490073494463292,20-ts-t3-t4,02-ts-rxt-c1,0.3627005253249269,16.302099168130834,16.302099168130834,17-ts-t2-t3-corr_1.0,17-ts-t2-t3-corr_1.0,-0.4493251483426146,15.472769753627611,15.490073494463292,20-ts-t3-t4,02-ts-rxt-c1,0.3627005253249269,15.236650846968079,15.490073494463292,20-ts-t3-t4,02-ts-rxt-c1,0.3627005253249269
3d-cyjohnphos,0.0,0.32222615982673875,15.856852832739818,4.98587721166244,9.120537703776801,-26.712768223838996,-26.61299420365772,-20.812923338190757,-26.76171396898528,-20.45712541751155,10.291470543490245,-6.693958233005404,14.39601057678964,1.4203678898812726,14.637601757082036,-4.807664495580429,-1.2528228365102485,11.708387130192584,-3.280933735187778,-4.8108020427315985,15.330999821311082,-9.81958335253552,-21.486241096543157,11.478718631015068,1.964418679010095,20.31530825854186,,,,,,,,13.197467316210451,3.6775197785343705,17.689180748549347,20.042969109091118,5.718808377872109,19.09103710641492,0.8223512791370059,9.771265117732618,-25.61023392651725,-32.029656727579734,2.8466971203199853,10.19859912795469,-22.25054774111312,-25.873160432231618,,,,,,,,,,,,-37.22637715037622,,,,,,,,,,,,,,0.106,0.0057,15.856852832739818,02-ts-rxt-c1,15.330999821311082,20-ts-t3-t4,02-ts-rxt-c1,0.5258530114287367,14.298147388281548,15.330999821311082,20-ts-t3-t4,02-ts-rxt-c1,0.5258530114287367,13.468817973778325,15.330999821311082,20-ts-t3-t4,02-ts-rxt-c1,0.5258530114287367,13.232699067118793,15.330999821311082,20-ts-t3-t4,02-ts-rxt-c1,0.5258530114287367
3e-cymephos,0.0,1.3293790036637092,15.360492770353384,6.774279457653415,10.305903262554349,-27.200970661463664,-26.14047950464248,-20.288325346307346,-25.89198571913365,-19.929389877906253,12.731227713209702,-2.3986552938778876,13.641744084587284,1.2214473592913875,12.807783879221729,-4.260476158729721,2.0560350744296056,11.735997550487612,-2.2486805084342856,-4.263613707022324,15.322842196549317,-8.881456560292195,-20.399394538401555,12.578115380044213,14.41860092004479,20.430770016761848,,,,,,,,,,,,,,,,,,,,,,,,,,,,,,,,,,,,,,,,,,,,,,,0.154,0.0276,15.360492770353384,02-ts-rxt-c1,15.322842196549317,20-ts-t3-t4,02-ts-rxt-c1,0.03765057380406667,14.325757808576576,15.322842196549317,20-ts-t3-t4,02-ts-rxt-c1,0.03765057380406667,13.496428394073353,15.322842196549317,20-ts-t3-t4,02-ts-rxt-c1,0.03765057380406667,13.26030948741382,15.322842196549317,20-ts-t3-t4,02-ts-rxt-c1,0.03765057380406667
3f-davephos,0.0,1.7978148902980668,17.96308867129032,6.959081022924096,12.841355640644913,-26.174678776409046,-23.625734942771942,-16.056714626847267,-22.06700119481705,-19.8405972753223,12.307972514227076,-1.5217106833527736,13.761284655758871,1.7011784178386784,13.130637547679699,-4.842491276548942,2.008030592800885,16.849886711257582,-3.3716088670897264,-4.317893284094817,17.0839477771316,-9.64607695974849,-15.480660850726919,19.991199569967847,14.979280712442039,18.500864364404652,,,,,,,,,,,,,,,,,,,,,,,,,,,,,,,,,,,,,,,,,,,,,,,0.209,0.0323,17.96308867129032,02-ts-rxt-c1,17.0839477771316,20-ts-t3-t4,02-ts-rxt-c1,0.87914089415872,19.439646969346548,19.439646969346548,17-ts-t2-t3-corr_1.0,17-ts-t2-t3-corr_1.0,-1.4765582980562293,18.610317554843324,18.610317554843324,17-ts-t2-t3-corr_3.5,17-ts-t2-t3-corr_3.5,-0.6472288835530051,18.37419864818379,18.37419864818379,17-ts-t2-t3-corr_5.0,17-ts-t2-t3-corr_5.0,-0.41110997689347073
3g-sphos,0.0,2.5065869382502095,18.24829176594422,6.660700226468552,15.275778979008876,-27.805262368793137,-22.103710504532835,-13.398897885320276,-19.693446283855682,-20.697461579970767,14.309414256697858,-0.738264997565162,14.571085742866899,2.97282654125096,15.251933615637682,-2.128198673745136,2.3534746056554376,15.3228421959786,1.3783247488099923,-1.0256643764233884,17.96089238765671,-7.605729625069747,-15.071838372520546,16.24590875938516,17.344677999212358,22.77200818584536,,,,,,,,,,,,,,,,,,,,,,,,,,,,,,,,,,,,,,,,,,,,,,,0.15,0.0029,18.24829176594422,02-ts-rxt-c1,17.96089238765671,20-ts-t3-t4,02-ts-rxt-c1,0.2873993782875104,17.912602454067564,17.96089238765671,20-ts-t3-t4,02-ts-rxt-c1,0.2873993782875104,17.083273039564343,17.96089238765671,20-ts-t3-t4,02-ts-rxt-c1,0.2873993782875104,16.84715413290481,17.96089238765671,20-ts-t3-t4,02-ts-rxt-c1,0.2873993782875104
3h-ruphos,0.0,1.037273302651937,16.484048637640054,6.856796964222882,13.459452557265825,-30.28172884822838,-25.21772669669297,-17.380132289953533,-21.585701362408816,-19.853147466209844,12.725893881283492,-0.7536389818589772,11.846125477922824,0.8898085562989904,12.703303536886908,-4.026728848312756,-0.6777103250488969,16.135153322177285,-4.843746295523553,-4.24949474170312,17.09524294904453,-10.632521988506868,-16.472125955954457,13.670923279313971,3.5178185944680616,20.310601936388316,,,,,,,,,,,,,,,,,,,,,,,,,,,,,,,,,,,,,,,,,,,,,,,0.11,0.0175,16.484048637640054,02-ts-rxt-c1,17.09524294904453,20-ts-t3-t4,20-ts-t3-t4,-0.6111943114044749,18.72491358026625,18.72491358026625,17-ts-t2-t3-corr_1.0,17-ts-t2-t3-corr_1.0,-2.240864942626196,17.895584165763026,17.895584165763026,17-ts-t2-t3-corr_3.5,17-ts-t2-t3-corr_3.5,-1.4115355281229718,17.65946525910349,17.65946525910349,17-ts-t2-t3-corr_5.0,17-ts-t2-t3-corr_5.0,-1.1754166214634374
3i-xphos,0.0,2.6443252865511657,15.791905592956338,9.59336615653694,13.96208771509603,-23.540393642225485,-19.068133006561286,-14.324788240991673,-19.246973231274527,-15.347001314236127,13.603152246694938,0.739833771426105,11.96535229420808,1.4897076957905322,13.179583293396698,-6.4639759800829895,-3.112447418869908,15.32817602790481,-4.170428537171153,-6.607048159739439,13.56801171141081,-8.781996295567968,-11.165905114924705,20.031987690923085,11.19979063123422,16.241202437802333,,,,,,,,10.877878226293815,2.1391800907717373,17.789896032248187,21.785249402200648,3.2768549233776127,22.787382170139175,,,,,,,,,,,,,,,,,,,,,,,,,,,,,,,,,,0.124,0.0278,15.791905592956338,02-ts-rxt-c1,15.32817602790481,17-ts-t2-t3,02-ts-rxt-c1,0.46372956505152807,17.917936285993775,17.917936285993775,17-ts-t2-t3-corr_1.0,17-ts-t2-t3-corr_1.0,-2.1260306930374373,17.08860687149055,17.08860687149055,17-ts-t2-t3-corr_3.5,17-ts-t2-t3-corr_3.5,-1.2967012785342131,16.852487964831017,16.852487964831017,17-ts-t2-t3-corr_5.0,17-ts-t2-t3-corr_5.0,-1.0605823718746787
3j-brettphos,0.0,1.289532145655319,18.101140773906888,8.444396151447414,15.519566443505596,-27.715842256436517,-24.382511472352807,-20.035125239215684,-21.818507409878933,-14.53374892451988,14.017308556256802,-1.4514296127845183,15.00375358501518,1.0121729203061316,14.30219789659509,0.1374245934146244,3.898716897493074,13.328303058724256,-0.397841061750487,-8.043417543116474,16.540524497775436,-8.369095004980714,-13.701043738128938,16.331563814247232,4.593369980696729,20.276088909735417,,,,,,,,7.624241156514731,-2.318647825828359,14.46723291087546,20.755506213967095,1.9672424712749326,22.30419980841295,,,,,,,,,,,,,,,,,,,,,,,,,,,,,,,,,,0.063,0.0277,18.101140773906888,02-ts-rxt-c1,16.540524497775436,20-ts-t3-t4,02-ts-rxt-c1,1.5606162761314515,15.91806331681322,16.540524497775436,20-ts-t3-t4,02-ts-rxt-c1,1.5606162761314515,15.088733902309997,16.540524497775436,20-ts-t3-t4,02-ts-rxt-c1,1.5606162761314515,14.852614995650464,16.540524497775436,20-ts-t3-t4,02-ts-rxt-c1,1.5606162761314515
3k-tbujohnphos,0.0,2.128198673745136,15.721310767501752,12.377939830479717,16.97570237844366,-24.496404457282566,-20.92273751188107,-10.761475202844114,-17.43817692394986,-16.869653262247898,17.255571642312788,4.731735839341066,14.052762846997979,2.3986552944486044,14.144379242988206,-3.595943534341032,1.6588215230224994,13.131578812338693,1.2597254422974011,-4.3583676501637205,14.3075317285213,-8.270889758089666,-13.371914973656478,23.309156369757744,11.887854864107773,21.08965505547943,,,,,,,,,,,,,,15.139609405139579,32.953978310531625,-0.7037519714829815,-1.6914520192159714,15.193575227611099,31.774260337425183,1.2013670534147431,-21.816311125103894,,,,,,,,,,,,-28.097681823264452,,,,,,,,,,,,,,0.7,0.0155,16.97570237844366,04-ts-c1-c2,14.3075317285213,20-ts-t3-t4,04-ts-c1-c2,2.668170649922361,15.721339070427657,15.721339070427657,17-ts-t2-t3-corr_1.0,04-ts-c1-c2,1.2543633080160035,14.892009655924435,14.892009655924435,17-ts-t2-t3-corr_3.5,04-ts-c1-c2,2.083692722519226,14.655890749264902,14.655890749264902,17-ts-t2-t3-corr_5.0,04-ts-c1-c2,2.3198116291787585
3l-tbumephos,0.0,1.557792483295897,14.908058377214788,12.223572478339618,16.304267148553176,-23.88270010764351,-18.557653979426366,-9.866019060874015,-18.080119204227323,-16.137977115298195,14.531552640886273,2.5373349065524815,14.51649241147879,3.269638563560203,14.096061006187796,-3.763488587426698,0.959775872266272,12.714912463971531,-5.205505557045558,-4.782564113519983,14.069078095094715,-9.440567579113859,-11.614260695682418,23.186792005179885,13.932908520369343,20.542466718343363,,,,,,,,,,,,,,,,,,,,,,,,,,,,,,,,,,,,,,,,,,,,,,,0.448,0.0087,16.304267148553176,04-ts-c1-c2,14.51649241147879,12-ts-rxt-t1,04-ts-c1-c2,1.7877747370743862,15.304672722060495,15.304672722060495,17-ts-t2-t3-corr_1.0,04-ts-c1-c2,0.9995944264926813,14.475343307557273,14.51649241147879,12-ts-rxt-t1,04-ts-c1-c2,1.7877747370743862,14.23922440089774,14.51649241147879,12-ts-rxt-t1,04-ts-c1-c2,1.7877747370743862
3m-tbudavephos,0.0,5.0128601221848035,17.637097455110464,14.126808975060785,18.658683019152967,-22.300120996602782,-18.02301583403392,-9.39664190958066,-14.95198404589191,-14.920608568102333,17.142619921471304,5.155932301841252,15.562550848665156,3.6354766374630905,15.79598440533722,-2.3214716175224797,3.7045026890567345,15.962901948364864,2.010854386207156,-3.2790512064405033,15.534312918597463,-7.418731775594742,-5.6730001787355615,23.134708712311717,7.643380198873814,27.290704529277335,,,,,,,,,,,,,,,,,,,,,,,,,,,,,,,,,,,,,,,,,,,,,,,0.855,0.0277,18.658683019152967,04-ts-c1-c2,15.962901948364864,17-ts-t2-t3,04-ts-c1-c2,2.6957810707881027,18.552662206453828,18.552662206453828,17-ts-t2-t3-corr_1.0,04-ts-c1-c2,0.1060208126991391,17.723332791950607,17.723332791950607,17-ts-t2-t3-corr_3.5,04-ts-c1-c2,0.9353502272023597,17.487213885291073,17.487213885291073,17-ts-t2-t3-corr_5.0,04-ts-c1-c2,1.171469133861894
3n-tbuxphos,0.0,5.144009620155655,19.358356178255068,15.916466240597087,20.54246671862872,-17.521008185976378,-12.307031250138797,0.8813371772216112,-11.483738706913513,-11.636223530306337,22.915080366072523,8.683163540045689,17.758834308774222,5.108869084300811,14.807029338058904,-4.387233090574792,3.4641665271682327,14.960141670653675,-5.284571761862883,-7.089289256806669,14.333259620069052,-6.509470423191772,-6.4573871297528855,23.19683215811821,3.4641665271682327,24.217162703186105,,6.156810049663735,-4.515245040823759,5.277041646873783,5.624054433589278,-20.231849486171964,1.3431842135258647,13.841292124379116,1.9493584484611786,19.645755557113294,23.056897526183647,12.270008186107395,27.42561908474274,,,,,,,,,17.00519532748596,-12.115640833967296,-8.494910671596074,-4.130581680304196,-8.075734285565048,-14.781928955713097,12.512226876172456,-14.625051565623776,-8.368153740892435,9.018253645075587,-12.564937679384006,,,,,,,,,,,,,,,0.829,0.0117,20.54246671862872,04-ts-c1-c2,17.758834308774222,12-ts-rxt-t1,04-ts-c1-c2,2.783632409854498,17.54990192874264,17.758834308774222,12-ts-rxt-t1,04-ts-c1-c2,2.783632409854498,16.720572514239418,17.758834308774222,12-ts-rxt-t1,04-ts-c1-c2,2.783632409854498,16.484453607579884,17.758834308774222,12-ts-rxt-t1,04-ts-c1-c2,2.783632409854498
3o-tbubrettphos,0.0,1.3698533703033298,21.073026051640287,13.721124044005581,19.263915990000005,-21.951539435455626,-16.430082815453893,-10.944394239938235,-14.761534894379405,-16.09624772882789,20.355782624610764,8.278733627965098,14.895194430870196,1.0033877869131371,10.662642447892551,-7.749115559041812,3.981548160090307,23.03901350394061,5.49447370947937,-10.568516013382386,10.560358389191338,-7.7459780113199255,-7.672559393029784,22.525710683970132,9.560735659772751,23.579926744776827,-0.4078812141180926,2.2866448376954005,-11.009655233466614,1.2054458652249083,1.121987093425728,-28.337076720208596,-2.9838079582775614,,,,,,,,,,,,,,,12.867083532763383,-13.047178775880518,-9.620976577402685,-2.7095862806502597,-11.759529158401758,-18.425563217367234,8.183352175051038,-19.094488407881705,-12.11156202215713,6.273213073684152,-16.489696223311164,,,,,,,,,,,,,,,0.66,0.0833,21.073026051640287,02-ts-rxt-c1,23.03901350394061,17-ts-t2-t3,17-ts-t2-t3,-1.9659874523003218,25.628773762029574,25.628773762029574,17-ts-t2-t3-corr_1.0,17-ts-t2-t3-corr_1.0,-4.555747710389287,24.79944434752635,24.79944434752635,17-ts-t2-t3-corr_3.5,17-ts-t2-t3-corr_3.5,-3.726418295886063,24.563325440866816,24.563325440866816,17-ts-t2-t3-corr_5.0,17-ts-t2-t3-corr_5.0,-3.4902993892265286
3p-me4tbuxphos,0.0,2.121609823415032,19.20053752407747,12.903479087592839,19.709447777351446,-20.01441742299566,-15.857166587055433,-6.855541945248271,-11.494720123940114,-9.467864244807911,20.069638265297865,8.370350024526042,15.253502390640058,3.883029158883643,13.740576840109561,-8.370350023955325,-2.7491193832016014,22.448527007614725,6.245602653389124,-9.170424713011364,11.286386950755286,-9.801071821090536,-7.513171964420524,26.102515177093515,6.667289077940089,23.38853632917604,0.3332075768533401,4.118345243732267,-12.402098948166527,2.072036568496085,2.3217853729795284,-29.167899377852265,-1.443271988593471,,,,,,,,,,,,,,,13.94765499546121,-13.653353011386548,-9.805464387787033,-1.7651843929631614,-9.441508842916779,-18.19840475613894,12.813117710577222,-17.745970363000346,-12.158625238556139,6.9440207935166125,-16.37799952201501,,,,,,,,,,,,,,,0.343,0.0884,19.709447777351446,04-ts-c1-c2,22.448527007614725,17-ts-t2-t3,17-ts-t2-t3,-2.739079230263279,25.03828726570369,25.03828726570369,17-ts-t2-t3-corr_1.0,17-ts-t2-t3-corr_1.0,-5.328839488352244,24.208957851200466,24.208957851200466,17-ts-t2-t3-corr_3.5,17-ts-t2-t3-corr_3.5,-4.49951007384902,23.972838944540932,23.972838944540932,17-ts-t2-t3-corr_5.0,17-ts-t2-t3-corr_5.0,-4.263391167189486
3q-adjohnphos,0.0,0.9381267922433263,14.410757050740076,12.211336041767689,14.960455425540006,-25.432334966463003,-22.33306524882402,-12.169292901837842,-18.520317160508633,-17.68070936890125,15.71723195512087,3.4820505494112703,14.121475143134575,5.416662523922014,15.066504541165052,-4.100147466602898,0.5252255016560726,13.684728489176127,0.8389802818347156,-4.553836878716104,14.657995817274296,-7.555215104921087,-12.838218092923027,22.577166467636356,12.939247132078913,20.604276410119596,,,,,,,,,,,,,,,,,,,,,,,,,,,,,,,,,,,,,,,,,,,,,,,0.257,0.0009,14.960455425540006,04-ts-c1-c2,15.066504541165052,14-ts-t1-t2,14-ts-t1-t2,-0.10604911562504604,16.274488747265092,16.274488747265092,17-ts-t2-t3-corr_1.0,17-ts-t2-t3-corr_1.0,-1.314033321725086,15.445159332761868,15.445159332761868,17-ts-t2-t3-corr_3.5,17-ts-t2-t3-corr_3.5,-0.48470390722186174,15.209040426102336,15.209040426102336,17-ts-t2-t3-corr_5.0,17-ts-t2-t3-corr_5.0,-0.24858500056232913
3r-adbrettphos,0.0,5.198916706430095,24.07503178818865,17.953048518351995,22.41903405857242,-18.411758006363645,-13.224763981619148,-7.862067279312578,-11.86871582174869,-11.444519359248503,23.207813576286245,10.539023064340082,19.8851504543428,6.091235301819742,15.698406668218837,0.7341861857549966,9.961714268674408,19.007892088931353,9.604661329020589,-4.973640773949077,16.28324557887361,0.3802707938230649,-3.183983508412774,25.964463073906227,13.10930222339916,27.130375836579795,,,,,,,,19.614693834210048,-0.23970865154512117,21.413136233710063,27.076410014393634,4.129012906443253,30.432958652646594,,,,,,,,,,,,,,,,,,,,,,,,,,,,,,,,,,0.252,0.0105,24.07503178818865,02-ts-rxt-c1,19.8851504543428,12-ts-rxt-t1,02-ts-rxt-c1,4.18988133384585,21.59765234702032,21.59765234702032,17-ts-t2-t3-corr_1.0,02-ts-rxt-c1,2.477379441168331,20.768322932517094,20.768322932517094,17-ts-t2-t3-corr_3.5,02-ts-rxt-c1,3.3067088556715554,20.53220402585756,20.53220402585756,17-ts-t2-t3-corr_5.0,02-ts-rxt-c1,3.5428277623310898
9a-cbujohnphos,0.0,3.723955485160715,19.48385809055481,4.776289017790852,9.601837536185036,-28.781667244042477,-25.581995996449557,-20.096307420933897,-25.23498320973406,-18.883331441290608,10.79912577664818,-3.543860241472863,13.42588079584264,2.253073076272216,14.200227593350926,-3.978096856911372,-0.14903352021388963,13.920985839254463,-4.25922113975511,-3.8864804609211445,14.585518463072434,-10.466545709567503,,,,,,,,,,,,,,,,,,1.7516929374166212,11.451108209863966,-32.18778913692903,-30.18603363985727,2.3936352176940847,10.355476518044012,-30.47343301843014,,,,,,,,,,,,,,,,,,,,,,,,,,,,,19.48385809055481,02-ts-rxt-c1,14.585518463072434,20-ts-t3-t4,02-ts-rxt-c1,4.898339627482377,16.51074609734343,16.51074609734343,17-ts-t2-t3-corr_1.0,02-ts-rxt-c1,2.9731119932113828,15.681416682840204,15.681416682840204,17-ts-t2-t3-corr_3.5,02-ts-rxt-c1,3.802441407714607,15.445297776180672,15.445297776180672,17-ts-t2-t3-corr_5.0,02-ts-rxt-c1,4.0385603143741395
9b-cptjohnphos,0.0,2.868346199486856,19.080055688246883,7.439753346130383,13.004508126178008,-24.368706261919932,-23.578671725802216,-13.859803656965534,-19.368710086079723,-17.777345841360642,11.664775214689644,-1.6729404877709868,13.43811723241457,4.003510994143509,14.555084249371136,-3.223516610964116,2.5219609225440247,15.271072657426046,-2.1881258364887373,-2.555846438853541,15.48317088867614,-7.8457520315012,,,,,,,,,,,,,,,,,,-1.308984942900733,16.27508795382649,-21.120716778382675,-20.503247370963713,0.04267064998786926,11.469619741879667,-16.736307480928797,,,,,,,,,,,,,,,,,,,,,,,,,,,,,19.080055688246883,02-ts-rxt-c1,15.48317088867614,20-ts-t3-t4,02-ts-rxt-c1,3.596884799570743,17.86083291551501,17.86083291551501,17-ts-t2-t3-corr_1.0,02-ts-rxt-c1,1.2192227727318716,17.031503501011787,17.031503501011787,17-ts-t2-t3-corr_3.5,02-ts-rxt-c1,2.048552187235096,16.795384594352253,16.795384594352253,17-ts-t2-t3-corr_5.0,02-ts-rxt-c1,2.28467109389463
9c-etjohnphos,0.0,3.5724119264268865,18.064745219648152,-0.04957325548966365,10.102903919583582,-27.38765475605234,-24.410749402420496,-15.977648422886016,-26.66099868585716,-22.7396914439675,10.891683436726685,-9.435233747473006,13.74685193612405,1.1376748326058754,15.613065368243097,-3.470755377498337,-0.9017312379845875,13.951420052385044,-1.35855819781968,-3.310112930485182,15.8797569308813,-7.2696982553808525,,,,,,,,,,,,,,,,,,2.087096797047493,10.314374641346369,-40.01440212721258,-37.32552366164091,3.34023338901479,7.185611974094367,-36.517291348108465,,,,,,,,,,,,,,,,,,,,,,,,,,,,,18.064745219648152,02-ts-rxt-c1,15.8797569308813,20-ts-t3-t4,02-ts-rxt-c1,2.184988288766853,16.541180310474008,16.541180310474008,17-ts-t2-t3-corr_1.0,02-ts-rxt-c1,1.5235649091741443,15.711850895970786,15.8797569308813,20-ts-t3-t4,02-ts-rxt-c1,2.184988288766853,15.475731989311253,15.8797569308813,20-ts-t3-t4,02-ts-rxt-c1,2.184988288766853
9d-mejohnphos,0.0,3.374432660495997,19.239756871742475,2.061055150898767,9.08602467769462,-28.2652268757794,-26.328104863604793,-20.202984046331608,-22.59818803760128,-21.427882707660498,10.805400872662668,-7.531683496436226,12.354094467108522,2.468308855529554,15.344805031173237,-2.9816116752146713,-1.2804332573759927,15.052385576416565,-0.2029993424000505,-2.55302264544727,15.356727712858834,-9.80389561392609,,,,,,,,,,,,,,,,,,1.4429582339924976,12.130701063660137,-40.11950997817863,-36.0570130853798,-1.8608796004781958,6.420364065721483,-37.39172591982828,,,,,,,,,,,,,,,,,,,,,,,,,,,,,19.239756871742475,02-ts-rxt-c1,15.356727712858834,20-ts-t3-t4,02-ts-rxt-c1,3.883029158883641,17.64214583450553,17.64214583450553,17-ts-t2-t3-corr_1.0,02-ts-rxt-c1,1.5976110372369448,16.812816420002306,16.812816420002306,17-ts-t2-t3-corr_3.5,02-ts-rxt-c1,2.426940451740169,16.576697513342772,16.576697513342772,17-ts-t2-t3-corr_5.0,02-ts-rxt-c1,2.6630593583997033
9e-pcbu3,0.0,1.1103781669118213,16.203238109682648,3.224457875337753,9.224704290083857,-28.381316144913484,-25.933401350432266,-20.652908400950267,-23.206244801569227,-20.884459428875054,9.920612392547481,-5.4282714507212795,11.722819849542045,3.959271570294697,13.484866694497962,-1.2804332573759927,1.6092482672474773,13.627311364667106,3.059422860772026,-1.5345746296973666,14.39287302821168,-7.51411322907952,,,,,,,,,,,,,,,,,,-1.5188868905172195,8.688183616229493,-32.54358705789359,-30.068689352319293,-2.099333233619422,8.680025992038445,-28.35621576228232,,,,,,,,,,,,,,,,,,,,,,,,,,,,,16.203238109682648,02-ts-rxt-c1,14.39287302821168,20-ts-t3-t4,02-ts-rxt-c1,1.8103650814709678,16.21707162275607,16.21707162275607,17-ts-t2-t3-corr_1.0,17-ts-t2-t3-corr_1.0,-0.013833513073421955,15.387742208252847,15.387742208252847,17-ts-t2-t3-corr_3.5,02-ts-rxt-c1,0.8154959014298004,15.151623301593315,15.151623301593315,17-ts-t2-t3-corr_5.0,02-ts-rxt-c1,1.051614808089333
9f-pcpr3,0.0,4.014806166627159,17.651843929631614,5.382777007612497,11.355413001778215,-27.63552103235922,-24.64857552578906,-19.489819431112252,-23.283114722752945,-20.578548518001128,9.792914196899488,-4.944147824906775,14.582067160464216,3.8190231837591604,14.068764340493741,-2.817517925593298,1.4137790389804519,13.871726338651131,1.7024334368132894,-2.9442748562969365,14.608422562355349,-8.19464734696397,,,,,,,,,,,,,,,,,,4.914654875579114,7.7968062857842,-30.835192280237504,-31.85175776781085,1.2092109224341,7.333076720732672,-25.913007289669288,,,,,,,,,,,,,,,,,,,,,,,,,,,,,17.651843929631614,02-ts-rxt-c1,14.608422562355349,20-ts-t3-t4,02-ts-rxt-c1,3.043421367276265,16.461486596740095,16.461486596740095,17-ts-t2-t3-corr_1.0,02-ts-rxt-c1,1.1903573328915193,15.632157182236872,15.632157182236872,17-ts-t2-t3-corr_3.5,02-ts-rxt-c1,2.0196867473947417,15.39603827557734,15.39603827557734,17-ts-t2-t3-corr_5.0,02-ts-rxt-c1,2.2558056540542744
9g-pet3,0.0,3.5131122728852326,14.707255317877628,0.14840601101194237,8.819960623687649,-25.56693576704207,-26.32559482537021,-21.063299653588295,-24.393492889379406,-21.435412822649596,8.021140953606222,-8.70010629762973,10.087529935860482,3.998177163358733,13.72834040410835,1.5540274258013471,2.296998745520055,16.764859166168176,2.3277467135369685,-0.37179941417496915,13.427763324589915,-8.260222095949397,,,,,,,,,,,,,,,,,,-0.7539527364599508,6.2703892808485975,-38.54320596315239,-37.03279045142719,-0.8047810109242255,5.453371833352443,-33.36123201459169,,,,,,,,,,,,,,,,,,,,,,,,,,,,,14.707255317877628,02-ts-rxt-c1,16.764859166168176,17-ts-t2-t3,17-ts-t2-t3,-2.0576038482905474,19.35461942425714,19.35461942425714,17-ts-t2-t3-corr_1.0,17-ts-t2-t3-corr_1.0,-4.647364106379513,18.525290009753917,18.525290009753917,17-ts-t2-t3-corr_3.5,17-ts-t2-t3-corr_3.5,-3.8180346918762886,18.289171103094382,18.289171103094382,17-ts-t2-t3-corr_5.0,17-ts-t2-t3-corr_5.0,-3.5819157852167542
9h-pme3,0.0,4.728598291048463,16.694578095029204,2.3622597393337905,10.75143504990579,-27.106216718607627,-24.121153740784738,-18.973692818020865,-24.806394180537378,-19.476955485338376,10.133965642772186,-6.74541401781306,12.7651132289485,2.9947893761602375,14.369027664840486,-0.4132150454735856,2.1664767564657916,14.247918319522597,0.9164777125057388,-0.06808478750536495,14.793224127340672,-10.627188157436732,,,,,,,,,,,,,,,,,,-0.06808478750536495,8.902164375941503,-36.07521086279453,-35.40440314296207,0.4176076121700828,6.401538778534092,-33.86323966321995,,,,,,,,,,,,,,,,,,,,,,,,,,,,,16.694578095029204,02-ts-rxt-c1,14.793224127340672,20-ts-t3-t4,02-ts-rxt-c1,1.9013539676885323,16.837678577611563,16.837678577611563,17-ts-t2-t3-corr_1.0,17-ts-t2-t3-corr_1.0,-0.14310048258235852,16.00834916310834,16.00834916310834,17-ts-t2-t3-corr_3.5,02-ts-rxt-c1,0.6862289319208656,15.772230256448806,15.772230256448806,17-ts-t2-t3-corr_5.0,02-ts-rxt-c1,0.9223478385803983
