descriptor,exp_full,exp_good,comp_full,comp_good,exp_full_abs,exp_full_abs_rank,exp_good_abs,exp_good_abs_rank,comp_full_abs,comp_full_abs_rank,comp_good_abs,comp_good_abs_rank
dipolemoment_boltz,-0.05189417151252411,-0.391119431882616,0.19504939948376313,-0.16444398237015523,0.05189417151252411,158.0,0.391119431882616,52.0,0.19504939948376313,78.0,0.16444398237015523,106.0
dipolemoment_delta,-0.14977448937839172,-0.17798712969276853,-0.09269320891818836,-0.20968001050817914,0.14977448937839172,108.0,0.17798712969276853,111.0,0.09269320891818836,139.0,0.20968001050817914,91.0
dipolemoment_max,-0.14823215310958787,-0.24917182629910406,0.04330810376138658,-0.2530415273221729,0.14823215310958787,110.0,0.24917182629910406,84.0,0.04330810376138658,161.0,0.2530415273221729,79.0
dipolemoment_min,-0.02653921109644326,-0.0799112388193587,0.23367642278915732,0.015264544262937618,0.02653921109644326,175.0,0.0799112388193587,152.0,0.23367642278915732,60.0,0.015264544262937618,179.0
dipolemoment_vburminconf,-0.18333315828767394,-0.26905637346927935,0.07617085489540573,-0.2215980802738171,0.18333315828767394,95.0,0.26905637346927935,73.0,0.07617085489540573,146.0,0.2215980802738171,89.0
E_oxidation_boltz,-0.21757836209016895,-0.2410433877443659,-0.18040321120202907,-0.21547838984917284,0.21757836209016895,84.0,0.2410433877443659,87.0,0.18040321120202907,88.0,0.21547838984917284,90.0
E_reduction_boltz,-0.09199284792480744,-0.11098170879662661,-0.16358517641122258,-0.1023898792696735,0.09199284792480744,132.0,0.11098170879662661,137.0,0.16358517641122258,94.0,0.1023898792696735,140.0
E_solv_cds_boltz,0.31849240715000854,0.3174709064270359,-0.004534074127559164,0.15543834661993064,0.31849240715000854,55.0,0.3174709064270359,63.0,0.004534074127559164,184.0,0.15543834661993064,110.0
E_solv_elstat_boltz,-0.006113911313533246,0.006632853253731084,-0.0982604500879946,0.02448380324024666,0.006113911313533246,180.0,0.006632853253731084,186.0,0.0982604500879946,136.0,0.02448380324024666,178.0
E_solv_total_boltz,0.20192669245276534,0.21252521558450113,-0.052172682672026925,0.11443980523088831,0.20192669245276534,89.0,0.21252521558450113,96.0,0.052172682672026925,155.0,0.11443980523088831,135.0
efg_amp_P_boltz,0.42698644501025407,0.5030351351395191,0.24665485803750153,0.3851914496320378,0.42698644501025407,45.0,0.5030351351395191,32.0,0.24665485803750153,54.0,0.3851914496320378,47.0
efgtens_xx_P_boltz,-0.15379834058494818,-0.2096754109156656,-0.320107073281222,-0.2529454952675986,0.15379834058494818,106.0,0.2096754109156656,97.0,0.320107073281222,22.0,0.2529454952675986,80.0
efgtens_yy_P_boltz,-0.23810004022735382,-0.22370324794175725,0.23584914001315957,-0.0419817773456276,0.23810004022735382,79.0,0.22370324794175725,92.0,0.23584914001315957,59.0,0.0419817773456276,174.0
efgtens_zz_P_boltz,0.4476078312434025,0.5148370201846255,0.22810164710037986,0.38581824154034544,0.4476078312434025,38.0,0.5148370201846255,31.0,0.22810164710037986,62.0,0.38581824154034544,45.0
fmo_e_homo_boltz,0.2582192085982203,0.2765827893844864,0.1580832288401614,0.2552279159034082,0.2582192085982203,71.0,0.2765827893844864,70.0,0.1580832288401614,100.0,0.2552279159034082,78.0
fmo_e_lumo_boltz,-0.0923877225570304,-0.11447230812306833,-0.1619222018069114,-0.10004705436514236,0.0923877225570304,131.0,0.11447230812306833,133.0,0.1619222018069114,97.0,0.10004705436514236,143.0
fmo_eta_boltz,-0.14462249801744673,-0.16009235763188026,-0.18535486882709468,-0.1424043163504751,0.14462249801744673,112.0,0.16009235763188026,119.0,0.18535486882709468,83.0,0.1424043163504751,117.0
fmo_mu_boltz,-0.028211907572708136,-0.06183747736262092,-0.1258053052825424,-0.051404398901585276,0.028211907572708136,172.0,0.06183747736262092,158.0,0.1258053052825424,119.0,0.051404398901585276,165.0
fmo_omega_boltz,0.08226509021650456,0.10850501232266592,0.15372254599845372,0.08417247987043774,0.08226509021650456,138.0,0.10850501232266592,138.0,0.15372254599845372,103.0,0.08417247987043774,151.0
fukui_m_boltz,0.06837514056811567,0.0443579283360445,0.10611264720318289,0.18236829455175713,0.06837514056811567,147.0,0.0443579283360445,161.0,0.10611264720318289,130.0,0.18236829455175713,99.0
fukui_p_boltz,-0.2483012993587378,-0.3434545259635208,-0.2787330582898519,-0.3421713480009357,0.2483012993587378,75.0,0.3434545259635208,56.0,0.2787330582898519,36.0,0.3421713480009357,54.0
nbo_bd_e_avg_boltz,0.22348268709342123,0.22261917973152795,0.2834768781481206,0.34508838708226625,0.22348268709342123,82.0,0.22261917973152795,93.0,0.2834768781481206,35.0,0.34508838708226625,52.0
nbo_bd_e_max_boltz,0.24626335892742815,0.2504401078427649,0.30536238929091514,0.35539794847871,0.24626335892742815,76.0,0.2504401078427649,82.0,0.30536238929091514,28.0,0.35539794847871,51.0
nbo_bd_occ_avg_boltz,-0.779953350638609,-0.80395642266876,-0.407093954261135,-0.6798208431370004,0.779953350638609,3.0,0.80395642266876,4.0,0.407093954261135,8.0,0.6798208431370004,8.0
nbo_bd_occ_min_boltz,-0.6704221479671529,-0.6615909228251541,-0.3163506565057761,-0.5452355196974517,0.6704221479671529,12.0,0.6615909228251541,18.0,0.3163506565057761,25.0,0.5452355196974517,19.0
nbo_bds_e_avg_boltz,-0.4346773734749138,-0.42862949584922183,-0.3164295356910816,-0.5226259325458605,0.4346773734749138,40.0,0.42862949584922183,43.0,0.3164295356910816,24.0,0.5226259325458605,23.0
nbo_bds_e_min_boltz,-0.4695265419532302,-0.47414549532362565,-0.3369024955071556,-0.5542170284688509,0.4695265419532302,33.0,0.47414549532362565,37.0,0.3369024955071556,15.0,0.5542170284688509,16.0
nbo_bds_occ_avg_boltz,0.7845014763110674,0.873444116130898,0.2854414598525275,0.6836459249160842,0.7845014763110674,2.0,0.873444116130898,1.0,0.2854414598525275,33.0,0.6836459249160842,6.0
nbo_bds_occ_max_boltz,0.7005404160832148,0.764063570289551,0.21903804170590319,0.572832833201383,0.7005404160832148,8.0,0.764063570289551,9.0,0.21903804170590319,67.0,0.572832833201383,14.0
nbo_lp_P_e_boltz,0.3879442428105012,0.4622390050218051,0.21577390079613215,0.43238292770715386,0.3879442428105012,50.0,0.4622390050218051,41.0,0.21577390079613215,69.0,0.43238292770715386,35.0
nbo_lp_P_occ_boltz,-0.20283206256895606,-0.1619404401997528,0.09905708130251775,0.03835369651659736,0.20283206256895606,88.0,0.1619404401997528,117.0,0.09905708130251775,135.0,0.03835369651659736,175.0
nbo_lp_P_percent_s_boltz,-0.35956670779399486,-0.3589277322732908,-0.06614465029967773,-0.2569185515629666,0.35956670779399486,52.0,0.3589277322732908,53.0,0.06614465029967773,149.0,0.2569185515629666,76.0
nbo_P_boltz,-0.1560332171659592,-0.18940452714497746,-0.0668168799882359,-0.22284600550610467,0.1560332171659592,104.0,0.18940452714497746,101.0,0.0668168799882359,148.0,0.22284600550610467,87.0
nbo_P_ra_boltz,-0.004223837419522751,0.020964550333393995,0.08841481326481775,-0.007192345072575823,0.004223837419522751,183.0,0.020964550333393995,175.0,0.08841481326481775,141.0,0.007192345072575823,182.0
nbo_P_rc_boltz,0.04801390491467515,0.020009989368935055,0.10342303703129092,0.1652265379151257,0.04801390491467515,161.0,0.020009989368935055,176.0,0.10342303703129092,131.0,0.1652265379151257,105.0
nmr_P_boltz,-0.5114757913969874,-0.4902678922032778,-0.2763484163164133,-0.48982837475038526,0.5114757913969874,29.0,0.4902678922032778,35.0,0.2763484163164133,41.0,0.48982837475038526,29.0
nmrtens_sxx_P_boltz,-0.3703764593280017,-0.35193773235028725,-0.2425986982977851,-0.3808218866819648,0.3703764593280017,51.0,0.35193773235028725,55.0,0.2425986982977851,58.0,0.3808218866819648,49.0
nmrtens_syy_P_boltz,-0.4274498435869408,-0.39648839289173465,-0.2895192081787138,-0.47909138634748427,0.4274498435869408,44.0,0.39648839289173465,50.0,0.2895192081787138,31.0,0.47909138634748427,30.0
nmrtens_szz_P_boltz,-0.7086009007387356,-0.751480270337141,-0.2082133816250563,-0.5264254994604339,0.7086009007387356,7.0,0.751480270337141,11.0,0.2082133816250563,75.0,0.5264254994604339,22.0
nuesp_P_boltz,0.03789991961486067,0.03282213803622444,-0.11848529485675326,-0.07157983653542924,0.03789991961486067,165.0,0.03282213803622444,171.0,0.11848529485675326,124.0,0.07157983653542924,160.0
Pint_dP_boltz,-0.1406852832743716,-0.190723803612019,0.0020349785422179743,-0.1540569076041597,0.1406852832743716,116.0,0.190723803612019,100.0,0.0020349785422179743,185.0,0.1540569076041597,111.0
Pint_P_int_boltz,0.0009726577129587702,-0.010845881129627746,0.12568923239715796,0.051196677695517716,0.0009726577129587702,186.0,0.010845881129627746,184.0,0.12568923239715796,121.0,0.051196677695517716,166.0
Pint_P_max_boltz,-0.005912986991228767,-0.03959822689375347,-0.02326233647632525,-0.13844761362723026,0.005912986991228767,181.0,0.03959822689375347,164.0,0.02326233647632525,172.0,0.13844761362723026,119.0
Pint_P_min_boltz,0.43034258853989,0.46963405051025303,0.28830806549183025,0.4190452940928737,0.43034258853989,42.0,0.46963405051025303,38.0,0.28830806549183025,32.0,0.4190452940928737,38.0
pyr_alpha_boltz,0.5958711007424082,0.6829691647213862,0.26893110173164814,0.6204042520300913,0.5958711007424082,21.0,0.6829691647213862,16.0,0.26893110173164814,46.0,0.6204042520300913,12.0
pyr_alpha_delta,-0.4352430608042557,-0.405763255419727,-0.2751355601282988,-0.46637417198156256,0.4352430608042557,39.0,0.405763255419727,48.0,0.2751355601282988,43.0,0.46637417198156256,33.0
pyr_alpha_max,0.4753873207939494,0.5437605760802684,0.191102436356086,0.3818694293737416,0.4753873207939494,32.0,0.5437605760802684,28.0,0.191102436356086,80.0,0.3818694293737416,48.0
pyr_alpha_min,0.6835560620482611,0.7673731362789039,0.3378638389759544,0.6799204571659526,0.6835560620482611,9.0,0.7673731362789039,7.0,0.3378638389759544,13.0,0.6799204571659526,7.0
pyr_alpha_vburminconf,0.567708775214733,0.5759950149897486,0.24655416934014293,0.5454792253748838,0.567708775214733,25.0,0.5759950149897486,26.0,0.24655416934014293,55.0,0.5454792253748838,18.0
pyr_P_boltz,-0.5773028911672976,-0.6797447695443073,-0.2526093676888901,-0.6258926638072992,0.5773028911672976,23.0,0.6797447695443073,17.0,0.2526093676888901,51.0,0.6258926638072992,11.0
pyr_P_delta,-0.2762184466909339,-0.26912097476415686,-0.2264630264990466,-0.3855163723148247,0.2762184466909339,68.0,0.26912097476415686,72.0,0.2264630264990466,64.0,0.3855163723148247,46.0
pyr_P_max,-0.6592479984141573,-0.7633855050219165,-0.3207768800609487,-0.6936294859897989,0.6592479984141573,15.0,0.7633855050219165,10.0,0.3207768800609487,21.0,0.6936294859897989,5.0
pyr_P_min,-0.4540900685157734,-0.5358480730891416,-0.16476984878520443,-0.3708392586926985,0.4540900685157734,36.0,0.5358480730891416,29.0,0.16476984878520443,93.0,0.3708392586926985,50.0
pyr_P_vburminconf,-0.556158251195704,-0.5709909364316729,-0.2127635042684618,-0.5287445593513282,0.556158251195704,26.0,0.5709909364316729,27.0,0.2127635042684618,73.0,0.5287445593513282,21.0
qpole_amp_boltz,-0.11798621582360183,-0.2384870556705187,0.15215429741505737,-0.12604775064347307,0.11798621582360183,123.0,0.2384870556705187,89.0,0.15215429741505737,104.0,0.12604775064347307,128.0
qpole_amp_delta,-0.290189155103721,-0.3253414383640615,-0.3706129227536101,-0.41723743060074814,0.290189155103721,64.0,0.3253414383640615,60.0,0.3706129227536101,11.0,0.41723743060074814,39.0
qpole_amp_max,-0.15825972777087619,-0.2474941820632655,-0.021651874583614287,-0.2801181447885247,0.15825972777087619,103.0,0.2474941820632655,86.0,0.021651874583614287,173.0,0.2801181447885247,69.0
qpole_amp_min,0.02733134661394632,0.018602946149953257,0.27533860193164356,0.09867412017967034,0.02733134661394632,174.0,0.018602946149953257,179.0,0.27533860193164356,42.0,0.09867412017967034,144.0
qpole_amp_vburminconf,-0.08709763998173753,-0.14861908996216275,0.058995104223648155,-0.24422565477818697,0.08709763998173753,135.0,0.14861908996216275,124.0,0.058995104223648155,151.0,0.24422565477818697,82.0
qpoletens_xx_boltz,-0.07246212230925159,-0.18812666313213003,0.14734264100498062,-0.12487394159853202,0.07246212230925159,146.0,0.18812666313213003,103.0,0.14734264100498062,107.0,0.12487394159853202,130.0
qpoletens_xx_delta,-0.24161528347196382,-0.2648320509774356,-0.21300027646173475,-0.3249797105108836,0.24161528347196382,77.0,0.2648320509774356,76.0,0.21300027646173475,72.0,0.3249797105108836,57.0
qpoletens_xx_max,-0.08389060350837729,-0.16256373880007524,0.05066605122443527,-0.1977659965257782,0.08389060350837729,137.0,0.16256373880007524,115.0,0.05066605122443527,157.0,0.1977659965257782,94.0
qpoletens_xx_min,0.05277479196148661,0.04018498284469288,0.22091616312688717,0.05307029431768603,0.05277479196148661,157.0,0.04018498284469288,163.0,0.22091616312688717,66.0,0.05307029431768603,164.0
qpoletens_xx_vburminconf,-0.030456213369214457,-0.07875892795624383,0.14573638044832024,-0.13829011103889297,0.030456213369214457,168.0,0.07875892795624383,154.0,0.14573638044832024,109.0,0.13829011103889297,120.0
qpoletens_yy_boltz,-0.1528874979364037,-0.1447926447358226,-0.051934608844552164,-0.0030855546920207644,0.1528874979364037,107.0,0.1447926447358226,127.0,0.051934608844552164,156.0,0.0030855546920207644,185.0
qpoletens_yy_delta,-0.2179398715531475,-0.24898309779911065,-0.24398981401667358,-0.28942925769801203,0.2179398715531475,83.0,0.24898309779911065,85.0,0.24398981401667358,57.0,0.28942925769801203,65.0
qpoletens_yy_max,-0.302440002907951,-0.41986909137339196,-0.3276968041183613,-0.40169152144027565,0.302440002907951,58.0,0.41986909137339196,44.0,0.3276968041183613,19.0,0.40169152144027565,43.0
qpoletens_yy_min,0.0018483838781995889,0.053917560881048696,0.010792149551249401,0.12152928165889387,0.0018483838781995889,184.0,0.053917560881048696,159.0,0.010792149551249401,178.0,0.12152928165889387,132.0
qpoletens_yy_vburminconf,-0.14728173034480324,-0.18361821100063996,-0.2729604865027136,-0.282952907341758,0.14728173034480324,111.0,0.18361821100063996,107.0,0.2729604865027136,45.0,0.282952907341758,68.0
qpoletens_zz_boltz,0.17548301612359116,0.2756061182573205,-0.1519676151874354,0.1257990773770084,0.17548301612359116,97.0,0.2756061182573205,71.0,0.1519676151874354,105.0,0.1257990773770084,129.0
qpoletens_zz_delta,-0.27953137961675023,-0.31969025489740643,-0.4215573587255839,-0.40695422068011733,0.27953137961675023,65.0,0.31969025489740643,62.0,0.4215573587255839,5.0,0.40695422068011733,41.0
qpoletens_zz_max,0.027608310935284253,0.01808664984277667,-0.3542762066408896,-0.13525690127338028,0.027608310935284253,173.0,0.01808664984277667,180.0,0.3542762066408896,12.0,0.13525690127338028,121.0
qpoletens_zz_min,0.25254750921435476,0.2982371611265904,0.08753434964366143,0.3102208212210649,0.25254750921435476,72.0,0.2982371611265904,67.0,0.08753434964366143,143.0,0.3102208212210649,62.0
qpoletens_zz_vburminconf,0.16057341769350775,0.18388370325409112,0.026603061113566848,0.2979862157748548,0.16057341769350775,102.0,0.18388370325409112,106.0,0.026603061113566848,170.0,0.2979862157748548,63.0
somo_ra_boltz,-0.08735236525762291,-0.1024870063040599,-0.16065313325547584,-0.10113356721060675,0.08735236525762291,134.0,0.1024870063040599,141.0,0.16065313325547584,98.0,0.10113356721060675,142.0
somo_rc_boltz,0.05166740971022143,0.04627802183027162,0.15645925485652468,0.07582480226034775,0.05166740971022143,159.0,0.04627802183027162,160.0,0.15645925485652468,101.0,0.07582480226034775,157.0
sphericity_boltz,0.31063641160507893,0.35727695315726926,0.04945218028124502,0.24932689556275206,0.31063641160507893,57.0,0.35727695315726926,54.0,0.04945218028124502,159.0,0.24932689556275206,81.0
spindens_P_ra_boltz,-0.14252502289596208,-0.23354024768667872,-0.15889750357446428,-0.17693073415698105,0.14252502289596208,114.0,0.23354024768667872,91.0,0.15889750357446428,99.0,0.17693073415698105,100.0
spindens_P_rc_boltz,0.04633684583972756,0.024496380797752338,0.08569100248869299,0.15718653940847635,0.04633684583972756,163.0,0.024496380797752338,174.0,0.08569100248869299,145.0,0.15718653940847635,108.0
sterimol_B1_boltz,-0.21723544017315796,-0.2038468389823788,0.10792036945172773,-0.08658237701123278,0.21723544017315796,85.0,0.2038468389823788,99.0,0.10792036945172773,129.0,0.08658237701123278,149.0
sterimol_B1_delta,-0.6668583766815369,-0.6593968692202493,-0.2944138134364547,-0.5093929740247751,0.6668583766815369,13.0,0.6593968692202493,19.0,0.2944138134364547,30.0,0.5093929740247751,27.0
sterimol_B1_max,-0.48096805840906914,-0.4987778546058469,-0.03979597010027658,-0.320228344876881,0.48096805840906914,31.0,0.4987778546058469,33.0,0.03979597010027658,162.0,0.320228344876881,59.0
sterimol_B1_min,0.19415885598462315,0.24991490209671965,0.2441035344428128,0.25589638871136605,0.19415885598462315,91.0,0.24991490209671965,83.0,0.2441035344428128,56.0,0.25589638871136605,77.0
sterimol_B1_vburminconf,-0.18048900349251115,-0.13860491567850003,0.1857754492769684,-0.0016101930944701498,0.18048900349251115,96.0,0.13860491567850003,129.0,0.1857754492769684,82.0,0.0016101930944701498,186.0
sterimol_B5_boltz,-0.1050673137884755,-0.17909082956445077,0.006788660128093553,-0.10998502672448213,0.1050673137884755,126.0,0.17909082956445077,109.0,0.006788660128093553,181.0,0.10998502672448213,137.0
sterimol_B5_delta,-0.22522103147139164,-0.16913515497589524,0.010532438918257989,-0.2588278276459951,0.22522103147139164,81.0,0.16913515497589524,112.0,0.010532438918257989,179.0,0.2588278276459951,73.0
sterimol_B5_max,-0.09857651250353781,-0.09933586074289469,0.03609274805687611,-0.15766708902295612,0.09857651250353781,130.0,0.09933586074289469,142.0,0.03609274805687611,163.0,0.15766708902295612,107.0
sterimol_B5_min,0.07760502775921559,0.02794852672119188,0.05288509315473496,0.032806737465589195,0.07760502775921559,141.0,0.02794852672119188,173.0,0.05288509315473496,154.0,0.032806737465589195,176.0
sterimol_B5_vburminconf,-0.07486238563229673,-0.08254547757223962,0.024090270494326743,-0.12359624387521763,0.07486238563229673,145.0,0.08254547757223962,150.0,0.024090270494326743,171.0,0.12359624387521763,131.0
sterimol_burB1_boltz,-0.17129878862880982,-0.1450631799926989,0.14519889404973788,-0.046539627734774824,0.17129878862880982,99.0,0.1450631799926989,126.0,0.14519889404973788,110.0,0.046539627734774824,172.0
sterimol_burB1_delta,-0.6465512423442222,-0.6329936508062851,-0.2732622499637799,-0.49752799852423024,0.6465512423442222,16.0,0.6329936508062851,20.0,0.2732622499637799,44.0,0.49752799852423024,28.0
sterimol_burB1_max,-0.45323285787261836,-0.46535510276290454,0.006544176551175208,-0.28677150614416386,0.45323285787261836,37.0,0.46535510276290454,39.0,0.006544176551175208,182.0,0.28677150614416386,67.0
sterimol_burB1_min,0.19960596567320849,0.25774400623714194,0.258533845144577,0.2744237643379163,0.19960596567320849,90.0,0.25774400623714194,80.0,0.258533845144577,50.0,0.2744237643379163,71.0
sterimol_burB1_vburminconf,-0.14127184316324556,-0.08512099113753271,0.2296012677922379,0.056281816249161856,0.14127184316324556,115.0,0.08512099113753271,148.0,0.2296012677922379,61.0,0.056281816249161856,162.0
sterimol_burB5_boltz,-0.05739569233793267,-0.12823757865059215,0.03076546126009533,-0.013727262798152567,0.05739569233793267,155.0,0.12823757865059215,130.0,0.03076546126009533,167.0,0.013727262798152567,180.0
sterimol_burB5_delta,-0.05315166861721022,0.008068506593793916,0.0357769262715624,-0.1290788282037716,0.05315166861721022,156.0,0.008068506593793916,185.0,0.0357769262715624,164.0,0.1290788282037716,127.0
sterimol_burB5_max,0.0013988524416981044,-0.01378845419839635,0.018832919754192882,-0.07261769156732188,0.0013988524416981044,185.0,0.01378845419839635,182.0,0.018832919754192882,175.0,0.07261769156732188,159.0
sterimol_burB5_min,0.060694075470913066,-0.03722161168485242,-0.0059815108276228945,0.02510719690636024,0.060694075470913066,152.0,0.03722161168485242,167.0,0.0059815108276228945,183.0,0.02510719690636024,177.0
sterimol_burB5_vburminconf,-0.061720197740354664,-0.09081505355980779,-0.05050168339824423,-0.12944338997560417,0.061720197740354664,150.0,0.09081505355980779,147.0,0.05050168339824423,158.0,0.12944338997560417,126.0
sterimol_burL_boltz,-0.27841449480620284,-0.3087224780722117,-0.1208958006192753,-0.14394422782526478,0.27841449480620284,67.0,0.3087224780722117,66.0,0.1208958006192753,123.0,0.14394422782526478,116.0
sterimol_burL_delta,-0.6234762954726052,-0.5782934301199333,-0.2467905341922772,-0.5512743668233744,0.6234762954726052,19.0,0.5782934301199333,25.0,0.2467905341922772,53.0,0.5512743668233744,17.0
sterimol_burL_max,-0.33721989114018663,-0.26445793837449244,-0.021525859944574337,-0.239510424895259,0.33721989114018663,54.0,0.26445793837449244,78.0,0.021525859944574337,174.0,0.239510424895259,84.0
sterimol_burL_min,0.31387875432554907,0.3287564814372384,0.2846679514280584,0.3306896353169897,0.31387875432554907,56.0,0.3287564814372384,57.0,0.2846679514280584,34.0,0.3306896353169897,56.0
sterimol_burL_vburminconf,-0.2907207069505014,-0.2161877352890019,0.10257805651120569,-0.1444406390617941,0.2907207069505014,63.0,0.2161877352890019,94.0,0.10257805651120569,132.0,0.1444406390617941,115.0
sterimol_L_boltz,-0.13941498532127242,-0.2673947285183104,0.13152824665576188,-0.09568513934418149,0.13941498532127242,117.0,0.2673947285183104,75.0,0.13152824665576188,114.0,0.09568513934418149,145.0
sterimol_L_delta,-0.34308763410263776,-0.31146385672624727,-0.13011155752864076,-0.3219963999461669,0.34308763410263776,53.0,0.31146385672624727,65.0,0.13011155752864076,117.0,0.3219963999461669,58.0
sterimol_L_max,-0.1705850629892887,-0.1556448209146865,0.009056020594711035,-0.14639196579811203,0.1705850629892887,100.0,0.1556448209146865,120.0,0.009056020594711035,180.0,0.14639196579811203,114.0
sterimol_L_min,0.2392775985380145,0.2688039128932519,0.2667169626991509,0.3181871054081438,0.2392775985380145,78.0,0.2688039128932519,74.0,0.2667169626991509,47.0,0.3181871054081438,60.0
sterimol_L_vburminconf,-0.11531011017153711,-0.10665971842200135,0.08823905352707553,-0.055426701666324366,0.11531011017153711,124.0,0.10665971842200135,139.0,0.08823905352707553,142.0,0.055426701666324366,163.0
surface_area_boltz,-0.0477952651540364,-0.08127148153414421,0.1344321859302829,0.00353159480635324,0.0477952651540364,162.0,0.08127148153414421,151.0,0.1344321859302829,113.0,0.00353159480635324,184.0
vbur_far_vbur_boltz,0.1553330083096636,0.1624075375081733,0.12573102483940685,0.13272694987285136,0.1553330083096636,105.0,0.1624075375081733,116.0,0.12573102483940685,120.0,0.13272694987285136,124.0
vbur_far_vbur_delta,-0.07726775867028066,-0.09430349407173277,0.03534026412226263,-0.07873197143059173,0.07726775867028066,143.0,0.09430349407173277,145.0,0.03534026412226263,165.0,0.07873197143059173,156.0
vbur_far_vbur_max,0.039637576621859134,0.033920998461023866,0.10177589123961142,0.05000703540978787,0.039637576621859134,164.0,0.033920998461023866,170.0,0.10177589123961142,133.0,0.05000703540978787,169.0
vbur_far_vbur_min,0.43247690147797535,0.4157722959947193,0.2618500498705663,0.41929032447869485,0.43247690147797535,41.0,0.4157722959947193,46.0,0.2618500498705663,49.0,0.41929032447869485,37.0
vbur_far_vbur_vburminconf,0.42780475000746393,0.4154302719245546,0.2767023712727298,0.419689852028351,0.42780475000746393,43.0,0.4154302719245546,47.0,0.2767023712727298,40.0,0.419689852028351,36.0
vbur_far_vtot_boltz,0.14827288998976978,0.17852939144142127,0.18454865605270593,0.1698240698936255,0.14827288998976978,109.0,0.17852939144142127,110.0,0.18454865605270593,84.0,0.1698240698936255,103.0
vbur_far_vtot_delta,-0.09874714189726377,-0.1656871114713189,0.026705823651321004,-0.1400885740990071,0.09874714189726377,128.0,0.1656871114713189,113.0,0.026705823651321004,169.0,0.1400885740990071,118.0
vbur_far_vtot_max,0.07731454279007327,0.07963099598661157,0.16275105391545458,0.11305895370381727,0.07731454279007327,142.0,0.07963099598661157,153.0,0.16275105391545458,96.0,0.11305895370381727,136.0
vbur_far_vtot_min,0.39573933813574314,0.39934690740935475,0.3200903489019602,0.41641979052252265,0.39573933813574314,48.0,0.39934690740935475,49.0,0.3200903489019602,23.0,0.41641979052252265,40.0
vbur_far_vtot_vburminconf,0.38966541322650466,0.3925866428973646,0.31092865056972036,0.4066867872600728,0.38966541322650466,49.0,0.3925866428973646,51.0,0.31092865056972036,27.0,0.4066867872600728,42.0
vbur_max_delta_qvbur_boltz,0.03442718541963795,0.06441319444596394,0.19727784116149386,0.1303029798634768,0.03442718541963795,166.0,0.06441319444596394,156.0,0.19727784116149386,77.0,0.1303029798634768,125.0
vbur_max_delta_qvbur_delta,-0.29904631312584234,-0.25359647655040524,-0.011615432664800512,-0.1927528158666877,0.29904631312584234,59.0,0.25359647655040524,81.0,0.011615432664800512,177.0,0.1927528158666877,96.0
vbur_max_delta_qvbur_max,-0.0846314025778957,-0.06261905875421293,0.10825406167808564,-0.00915742544298723,0.0846314025778957,136.0,0.06261905875421293,157.0,0.10825406167808564,128.0,0.00915742544298723,181.0
vbur_max_delta_qvbur_min,0.4593459044805844,0.4818534154945483,0.2786811036876663,0.4691615267131902,0.4593459044805844,35.0,0.4818534154945483,36.0,0.2786811036876663,37.0,0.4691615267131902,32.0
vbur_max_delta_qvbur_vburminconf,0.40092550603283356,0.4173162849398383,0.17005708714690174,0.27366648342021993,0.40092550603283356,47.0,0.4173162849398383,45.0,0.17005708714690174,92.0,0.27366648342021993,72.0
vbur_max_delta_qvtot_boltz,0.14428337186350407,0.15163068456390244,0.191339707052406,0.22340171907818487,0.14428337186350407,113.0,0.15163068456390244,122.0,0.191339707052406,79.0,0.22340171907818487,86.0
vbur_max_delta_qvtot_delta,-0.22605673709511592,-0.18325082240233453,-0.09155705443356578,-0.2333804881794464,0.22605673709511592,80.0,0.18325082240233453,108.0,0.09155705443356578,140.0,0.2333804881794464,85.0
vbur_max_delta_qvtot_max,0.03440595150982981,0.01962553739555172,0.11113495894506673,0.050722624839480826,0.03440595150982981,167.0,0.01962553739555172,177.0,0.11113495894506673,127.0,0.050722624839480826,167.0
vbur_max_delta_qvtot_min,0.19394475380471393,0.18638240558846272,0.20872641075671014,0.2765282746975837,0.19394475380471393,92.0,0.18638240558846272,105.0,0.20872641075671014,74.0,0.2765282746975837,70.0
vbur_max_delta_qvtot_vburminconf,0.1074148110112066,0.11302349182049592,0.12232996580604466,0.06885893359989154,0.1074148110112066,125.0,0.11302349182049592,134.0,0.12232996580604466,122.0,0.06885893359989154,161.0
vbur_near_vbur_boltz,0.5288522523938362,0.6029790674845305,0.3146967701350714,0.44706663732880175,0.5288522523938362,28.0,0.6029790674845305,23.0,0.3146967701350714,26.0,0.44706663732880175,34.0
vbur_near_vbur_delta,-0.5043454137456652,-0.4921926168472529,-0.2490327364459885,-0.39096350020731946,0.5043454137456652,30.0,0.4921926168472529,34.0,0.2490327364459885,52.0,0.39096350020731946,44.0
vbur_near_vbur_max,0.12502293172020174,0.11831367196927016,0.1306365040155246,0.15405274104350067,0.12502293172020174,121.0,0.11831367196927016,131.0,0.1306365040155246,115.0,0.15405274104350067,112.0
vbur_near_vbur_min,0.7459051633694191,0.8352186758183437,0.44917004690241075,0.7403971756599748,0.7459051633694191,4.0,0.8352186758183437,2.0,0.44917004690241075,3.0,0.7403971756599748,3.0
vbur_near_vbur_vburminconf,0.7413142356091191,0.8343665304910646,0.4577534734209065,0.7404323686398662,0.7413142356091191,5.0,0.8343665304910646,3.0,0.4577534734209065,2.0,0.7404323686398662,2.0
vbur_near_vtot_boltz,-0.07644301516125115,-0.11261496824208987,0.1305186600496954,-0.006058632208503785,0.07644301516125115,144.0,0.11261496824208987,135.0,0.1305186600496954,116.0,0.006058632208503785,183.0
vbur_near_vtot_delta,-0.09869034972230441,-0.16391417657958948,0.015203856180729666,-0.15142342422404526,0.09869034972230441,129.0,0.16391417657958948,114.0,0.015203856180729666,176.0,0.15142342422404526,113.0
vbur_near_vtot_max,-0.0580803263929051,-0.11209640772709836,0.09991289000275548,-0.049119215653620374,0.0580803263929051,154.0,0.11209640772709836,136.0,0.09991289000275548,134.0,0.049119215653620374,170.0
vbur_near_vtot_min,-0.015340956213130637,-0.04315367090842989,0.1480127679524899,0.04214992680086715,0.015340956213130637,179.0,0.04315367090842989,162.0,0.1480127679524899,106.0,0.04214992680086715,173.0
vbur_near_vtot_vburminconf,-0.060642200617664135,-0.11829685121286211,0.0972393837541706,-0.05025367076541855,0.060642200617664135,153.0,0.11829685121286211,132.0,0.0972393837541706,138.0,0.05025367076541855,168.0
vbur_ovbur_max_boltz,0.18621824736270756,0.21614807313185885,0.22488242277356363,0.19289256037593275,0.18621824736270756,94.0,0.21614807313185885,95.0,0.22488242277356363,65.0,0.19289256037593275,95.0
vbur_ovbur_max_delta,-0.6142638611698361,-0.6187357009424193,-0.33743637725566505,-0.5185973768550817,0.6142638611698361,20.0,0.6187357009424193,21.0,0.33743637725566505,14.0,0.5185973768550817,24.0
vbur_ovbur_max_max,-0.017779592640522025,-0.012497521431026896,0.030503531495052884,-0.048929071435947866,0.017779592640522025,178.0,0.012497521431026896,183.0,0.030503531495052884,168.0,0.048929071435947866,171.0
vbur_ovbur_max_min,0.6617257507164078,0.7670797563935166,0.40292476627931884,0.5989675875867135,0.6617257507164078,14.0,0.7670797563935166,8.0,0.40292476627931884,9.0,0.5989675875867135,13.0
vbur_ovbur_max_vburminconf,0.6355959420786434,0.7166375657113856,0.3791109352772853,0.515214432803907,0.6355959420786434,18.0,0.7166375657113856,15.0,0.3791109352772853,10.0,0.515214432803907,25.0
vbur_ovbur_min_boltz,0.04870336014127585,0.209296322514636,-0.14678929097340876,-0.11818251484387532,0.04870336014127585,160.0,0.209296322514636,98.0,0.14678929097340876,108.0,0.11818251484387532,133.0
vbur_ovbur_min_delta,-0.25233930747974076,-0.2960075427178602,-0.27751363828326325,-0.25750321690862255,0.25233930747974076,73.5,0.2960075427178602,68.5,0.27751363828326325,38.5,0.25750321690862255,74.5
vbur_ovbur_min_max,-0.25233930747974076,-0.2960075427178602,-0.27751363828326325,-0.25750321690862255,0.25233930747974076,73.5,0.2960075427178602,68.5,0.27751363828326325,38.5,0.25750321690862255,74.5
vbur_ovbur_min_min,,,,,,,,,,,,
vbur_ovbur_min_vburminconf,,,,,,,,,,,,
vbur_ovtot_max_boltz,0.061015227784969345,0.03406265638322617,0.11278385255520874,0.08480554120663902,0.061015227784969345,151.0,0.03406265638322617,168.0,0.11278385255520874,126.0,0.08480554120663902,150.0
vbur_ovtot_max_delta,-0.17274254280777881,-0.25845162440563507,-0.045643767956811646,-0.313637265350541,0.17274254280777881,98.0,0.25845162440563507,79.0,0.045643767956811646,160.0,0.313637265350541,61.0
vbur_ovtot_max_max,-0.028674510011477305,-0.08433438916446365,0.057112826877895005,-0.09448524727309221,0.028674510011477305,171.0,0.08433438916446365,149.0,0.057112826877895005,152.0,0.09448524727309221,147.0
vbur_ovtot_max_min,0.1345499159022543,0.15150688224704992,0.1628069580492916,0.19933375735639552,0.1345499159022543,120.0,0.15150688224704992,123.0,0.1628069580492916,95.0,0.19933375735639552,93.0
vbur_ovtot_max_vburminconf,0.004330267199094651,-0.039385074488866065,0.0547624191210931,-0.0739327596686302,0.004330267199094651,182.0,0.039385074488866065,165.0,0.0547624191210931,153.0,0.0739327596686302,158.0
vbur_ovtot_min_boltz,-0.07891779247354469,0.15255852221046262,0.07456140708603705,-0.13326302318978767,0.07891779247354469,140.0,0.15255852221046262,121.0,0.07456140708603705,147.0,0.13326302318978767,122.0
vbur_ovtot_min_delta,-0.29208033939765904,-0.3260869302280546,-0.18156617889507656,-0.17252609636921476,0.29208033939765904,60.5,0.3260869302280546,58.5,0.18156617889507656,85.5,0.17252609636921476,101.5
vbur_ovtot_min_max,-0.29208033939765904,-0.3260869302280546,-0.18156617889507656,-0.17252609636921476,0.29208033939765904,60.5,0.3260869302280546,58.5,0.18156617889507656,85.5,0.17252609636921476,101.5
vbur_ovtot_min_min,,,,,,,,,,,,
vbur_ovtot_min_vburminconf,,,,,,,,,,,,
vbur_qvbur_max_boltz,0.13543564375148753,0.16068388046862708,0.22803233540814052,0.18839115288568153,0.13543564375148753,119.0,0.16068388046862708,118.0,0.22803233540814052,63.0,0.18839115288568153,98.0
vbur_qvbur_max_delta,-0.2684029170248647,-0.23890305571238898,-0.00060581840019968,-0.15648060484523862,0.2684029170248647,70.0,0.23890305571238898,88.0,0.00060581840019968,186.0,0.15648060484523862,109.0
vbur_qvbur_max_max,0.02068138146919645,0.03394554573107153,0.15443565346504612,0.08403190079513126,0.02068138146919645,176.0,0.03394554573107153,169.0,0.15443565346504612,102.0,0.08403190079513126,152.0
vbur_qvbur_max_min,0.581001798272518,0.6083021095745429,0.32891459481829594,0.5387347164686718,0.581001798272518,22.0,0.6083021095745429,22.0,0.32891459481829594,18.0,0.5387347164686718,20.0
vbur_qvbur_max_vburminconf,0.5688085804489647,0.6019944119034759,0.33007107888798964,0.5140271730973265,0.5688085804489647,24.0,0.6019944119034759,24.0,0.33007107888798964,16.0,0.5140271730973265,26.0
vbur_qvbur_min_boltz,0.6446953077014154,0.7780839670494806,0.33001578270819376,0.5615502694530304,0.6446953077014154,17.0,0.7780839670494806,6.0,0.33001578270819376,17.0,0.5615502694530304,15.0
vbur_qvbur_min_delta,-0.4659790299862055,-0.4509429159767009,-0.21507197036564304,-0.3425343896589461,0.4659790299862055,34.0,0.4509429159767009,42.0,0.21507197036564304,71.0,0.3425343896589461,53.0
vbur_qvbur_min_max,-0.020133588795593738,-0.031930080418385465,0.032221931705298454,0.08151482361494486,0.020133588795593738,177.0,0.031930080418385465,172.0,0.032221931705298454,166.0,0.08151482361494486,154.0
vbur_qvbur_min_min,0.7935578459234125,0.7982939266779714,0.4246420759852169,0.756472054609749,0.7935578459234125,1.0,0.7982939266779714,5.0,0.4246420759852169,4.0,0.756472054609749,1.0
vbur_qvbur_min_vburminconf,0.7339131460933475,0.7507752594928512,0.4797973213470934,0.7360654916616838,0.7339131460933475,6.0,0.7507752594928512,12.0,0.4797973213470934,1.0,0.7360654916616838,4.0
vbur_qvtot_max_boltz,0.11825333662946626,0.14081570889731268,0.21804119281874823,0.20391117614584522,0.11825333662946626,122.0,0.14081570889731268,128.0,0.21804119281874823,68.0,0.20391117614584522,92.0
vbur_qvtot_max_delta,-0.16854523413477507,-0.09668173004741196,0.08665212768201533,-0.10592037249801095,0.16854523413477507,101.0,0.09668173004741196,143.0,0.08665212768201533,144.0,0.10592037249801095,139.0
vbur_qvtot_max_max,0.08794618177606403,0.09487315551974743,0.1748300066227941,0.11708936845152623,0.08794618177606403,133.0,0.09487315551974743,144.0,0.1748300066227941,90.0,0.11708936845152623,134.0
vbur_qvtot_max_min,0.18779189150075798,0.1867699768887614,0.18088960428887726,0.2225817743216918,0.18779189150075798,93.0,0.1867699768887614,104.0,0.18088960428887726,87.0,0.2225817743216918,88.0
vbur_qvtot_max_vburminconf,0.100718012864076,0.10586836924189122,0.13503247432042964,0.08111584507327982,0.100718012864076,127.0,0.10586836924189122,140.0,0.13503247432042964,112.0,0.08111584507327982,155.0
vbur_qvtot_min_boltz,0.06444011404814254,0.09114649999521796,0.2008299075920627,0.13298386948545282,0.06444011404814254,148.0,0.09114649999521796,146.0,0.2008299075920627,76.0,0.13298386948545282,123.0
vbur_qvtot_min_delta,-0.5544487210648101,-0.5342793792382804,-0.21517585658091587,-0.47014318431931995,0.5544487210648101,27.0,0.5342793792382804,30.0,0.21517585658091587,70.0,0.47014318431931995,31.0
vbur_qvtot_min_max,-0.20306842926906557,-0.18872678175623744,0.1276710298101093,-0.10845973234104236,0.20306842926906557,87.0,0.18872678175623744,102.0,0.1276710298101093,118.0,0.10845973234104236,138.0
vbur_qvtot_min_min,0.2756697335638474,0.32317820560555977,0.3000033542557937,0.3376414649564238,0.2756697335638474,69.0,0.32317820560555977,61.0,0.3000033542557937,29.0,0.3376414649564238,55.0
vbur_qvtot_min_vburminconf,-0.0639133072445851,-0.03797699831049144,0.26376663459235006,0.10175181328264853,0.0639133072445851,149.0,0.03797699831049144,166.0,0.26376663459235006,48.0,0.10175181328264853,141.0
vbur_ratio_vbur_vtot_boltz,0.4040658628172593,0.46445069861563365,0.14321065491813828,0.28727541355110553,0.4040658628172593,46.0,0.46445069861563365,40.0,0.14321065491813828,111.0,0.28727541355110553,66.0
vbur_vbur_boltz,0.2792364124030229,0.3136261836903896,0.19006707104207116,0.2414492085622858,0.2792364124030229,66.0,0.3136261836903896,64.0,0.19006707104207116,81.0,0.2414492085622858,83.0
vbur_vbur_delta,-0.21680436500265976,-0.23466035982799102,-0.06312616880310251,-0.19174651688852168,0.21680436500265976,86.0,0.23466035982799102,90.0,0.06312616880310251,150.0,0.19174651688852168,97.0
vbur_vbur_max,0.08153168063279798,0.07670386073432542,0.11683393934237396,0.09566052841923066,0.08153168063279798,139.0,0.07670386073432542,155.0,0.11683393934237396,125.0,0.09566052841923066,146.0
vbur_vbur_min,0.6722764173876118,0.7179324346022979,0.42114786397751486,0.6639646943730341,0.6722764173876118,10.5,0.7179324346022979,13.5,0.42114786397751486,6.5,0.6639646943730341,9.5
vbur_vbur_vburminconf,0.6722764173876118,0.7179324346022979,0.42114786397751486,0.6639646943730341,0.6722764173876118,10.5,0.7179324346022979,13.5,0.42114786397751486,6.5,0.6639646943730341,9.5
vbur_vtot_boltz,0.029986628458120588,0.018638846865011903,0.17024188841624568,0.0829970195294614,0.029986628458120588,169.0,0.018638846865011903,178.0,0.17024188841624568,91.0,0.0829970195294614,153.0
vmin_r_boltz,-0.29147482253944657,-0.2645273243020823,0.09775503138725285,-0.16842213945455933,0.29147482253944657,62.0,0.2645273243020823,77.0,0.09775503138725285,137.0,0.16842213945455933,104.0
vmin_vmin_boltz,-0.13608984615373126,-0.14838249076846757,-0.3241150746551527,-0.29496181447836267,0.13608984615373126,118.0,0.14838249076846757,125.0,0.3241150746551527,20.0,0.29496181447836267,64.0
volume_boltz,0.028784929353435657,0.01691529197830085,0.1748993195575185,0.09351891323627115,0.028784929353435657,170.0,0.01691529197830085,181.0,0.1748993195575185,89.0,0.09351891323627115,148.0
