kraken_ID,name,SMILES,dipolemoment_boltz,dipolemoment_delta,dipolemoment_max,dipolemoment_min,dipolemoment_vburminconf,E_oxidation_boltz,E_reduction_boltz,E_solv_cds_boltz,E_solv_elstat_boltz,E_solv_total_boltz,efg_amp_P_boltz,efgtens_xx_P_boltz,efgtens_yy_P_boltz,efgtens_zz_P_boltz,fmo_e_homo_boltz,fmo_e_lumo_boltz,fmo_eta_boltz,fmo_mu_boltz,fmo_omega_boltz,fukui_m_boltz,fukui_p_boltz,nbo_bd_e_avg_boltz,nbo_bd_e_max_boltz,nbo_bd_occ_avg_boltz,nbo_bd_occ_min_boltz,nbo_bds_e_avg_boltz,nbo_bds_e_min_boltz,nbo_bds_occ_avg_boltz,nbo_bds_occ_max_boltz,nbo_lp_P_e_boltz,nbo_lp_P_occ_boltz,nbo_lp_P_percent_s_boltz,nbo_P_boltz,nbo_P_ra_boltz,nbo_P_rc_boltz,nmr_P_boltz,nmrtens_sxx_P_boltz,nmrtens_syy_P_boltz,nmrtens_szz_P_boltz,nuesp_P_boltz,Pint_dP_boltz,Pint_P_int_boltz,Pint_P_max_boltz,Pint_P_min_boltz,pyr_alpha_boltz,pyr_alpha_delta,pyr_alpha_max,pyr_alpha_min,pyr_alpha_vburminconf,pyr_P_boltz,pyr_P_delta,pyr_P_max,pyr_P_min,pyr_P_vburminconf,qpole_amp_boltz,qpole_amp_delta,qpole_amp_max,qpole_amp_min,qpole_amp_vburminconf,qpoletens_xx_boltz,qpoletens_xx_delta,qpoletens_xx_max,qpoletens_xx_min,qpoletens_xx_vburminconf,qpoletens_yy_boltz,qpoletens_yy_delta,qpoletens_yy_max,qpoletens_yy_min,qpoletens_yy_vburminconf,qpoletens_zz_boltz,qpoletens_zz_delta,qpoletens_zz_max,qpoletens_zz_min,qpoletens_zz_vburminconf,somo_ra_boltz,somo_rc_boltz,sphericity_boltz,spindens_P_ra_boltz,spindens_P_rc_boltz,sterimol_B1_boltz,sterimol_B1_delta,sterimol_B1_max,sterimol_B1_min,sterimol_B1_vburminconf,sterimol_B5_boltz,sterimol_B5_delta,sterimol_B5_max,sterimol_B5_min,sterimol_B5_vburminconf,sterimol_burB1_boltz,sterimol_burB1_delta,sterimol_burB1_max,sterimol_burB1_min,sterimol_burB1_vburminconf,sterimol_burB5_boltz,sterimol_burB5_delta,sterimol_burB5_max,sterimol_burB5_min,sterimol_burB5_vburminconf,sterimol_burL_boltz,sterimol_burL_delta,sterimol_burL_max,sterimol_burL_min,sterimol_burL_vburminconf,sterimol_L_boltz,sterimol_L_delta,sterimol_L_max,sterimol_L_min,sterimol_L_vburminconf,surface_area_boltz,vbur_far_vbur_boltz,vbur_far_vbur_delta,vbur_far_vbur_max,vbur_far_vbur_min,vbur_far_vbur_vburminconf,vbur_far_vtot_boltz,vbur_far_vtot_delta,vbur_far_vtot_max,vbur_far_vtot_min,vbur_far_vtot_vburminconf,vbur_max_delta_qvbur_boltz,vbur_max_delta_qvbur_delta,vbur_max_delta_qvbur_max,vbur_max_delta_qvbur_min,vbur_max_delta_qvbur_vburminconf,vbur_max_delta_qvtot_boltz,vbur_max_delta_qvtot_delta,vbur_max_delta_qvtot_max,vbur_max_delta_qvtot_min,vbur_max_delta_qvtot_vburminconf,vbur_near_vbur_boltz,vbur_near_vbur_delta,vbur_near_vbur_max,vbur_near_vbur_min,vbur_near_vbur_vburminconf,vbur_near_vtot_boltz,vbur_near_vtot_delta,vbur_near_vtot_max,vbur_near_vtot_min,vbur_near_vtot_vburminconf,vbur_ovbur_max_boltz,vbur_ovbur_max_delta,vbur_ovbur_max_max,vbur_ovbur_max_min,vbur_ovbur_max_vburminconf,vbur_ovbur_min_boltz,vbur_ovbur_min_delta,vbur_ovbur_min_max,vbur_ovbur_min_min,vbur_ovbur_min_vburminconf,vbur_ovtot_max_boltz,vbur_ovtot_max_delta,vbur_ovtot_max_max,vbur_ovtot_max_min,vbur_ovtot_max_vburminconf,vbur_ovtot_min_boltz,vbur_ovtot_min_delta,vbur_ovtot_min_max,vbur_ovtot_min_min,vbur_ovtot_min_vburminconf,vbur_qvbur_max_boltz,vbur_qvbur_max_delta,vbur_qvbur_max_max,vbur_qvbur_max_min,vbur_qvbur_max_vburminconf,vbur_qvbur_min_boltz,vbur_qvbur_min_delta,vbur_qvbur_min_max,vbur_qvbur_min_min,vbur_qvbur_min_vburminconf,vbur_qvtot_max_boltz,vbur_qvtot_max_delta,vbur_qvtot_max_max,vbur_qvtot_max_min,vbur_qvtot_max_vburminconf,vbur_qvtot_min_boltz,vbur_qvtot_min_delta,vbur_qvtot_min_max,vbur_qvtot_min_min,vbur_qvtot_min_vburminconf,vbur_ratio_vbur_vtot_boltz,vbur_vbur_boltz,vbur_vbur_delta,vbur_vbur_max,vbur_vbur_min,vbur_vbur_vburminconf,vbur_vtot_boltz,vmin_r_boltz,vmin_vmin_boltz,volume_boltz
1,3i-xphos,CC(C)c1cc(C(C)C)c(-c2ccccc2P(C2CCCCC2)C2CCCCC2)c(C(C)C)c1,1.258121923,0.543510219,1.512403854,0.968893635,1.358751213,0.260081699,0.017364495,-11.7800896,-7.128855756,-18.90894535,1.750654742,-0.824412029,-0.599056362,1.42346838,-0.218243366,-0.025112319,0.193131047,-0.121677842,0.03833597,0.363743943,0.039065191,-0.448304251,-0.439428738,1.953640612,1.947840386,0.213486864,0.203063797,0.034855828,0.03943933,-0.300539214,1.927054025,51.27024712,0.801913877,0.762848685,1.16565782,306.7602335,286.0477335,304.9629317,329.2700282,-54.19681131,5.018495509,20.67366182,42.08441375,12.78666587,18.81426145,12.96132215,27.88326723,14.92194508,22.14482622,0.925709479,0.111525763,0.952596145,0.841070382,0.899423076,4.457962031,3.657149722,6.865921008,3.208771286,5.925214444,3.470276292,2.276800254,4.872843601,2.596043347,4.206576524,-0.794078773,2.13373053,0.709004155,-1.424726374,-0.033839406,-2.676197519,3.310138629,-1.603841378,-4.913980006,-4.172737118,0.059115319,-0.363711578,0.704737109,0.039934438,0.466770835,4.903718573,0.943082491,5.013689181,4.07060669,4.442682872,7.527389674,3.002204034,9.844823092,6.842619058,9.470359534,4.800335896,0.943082491,5.013689181,4.07060669,4.211190949,7.439480407,1.528896778,7.835474137,6.306577359,7.262693329,7.29157262,1.132283292,8.238802291,7.106518999,7.735548217,7.743234968,4.680919857,12.1316552,7.450735346,9.84520341,534.2836334,34.87607373,48.25594895,48.25594895,0,0,141.2808688,157.8201028,157.8201028,0,3.614927042,23.52661595,24.05999067,26.82222486,2.762234192,6.541087709,137.5649393,92.64373065,201.979947,109.3362163,175.1233574,70.69021306,23.21803742,79.67492477,56.45688734,56.45688734,418.6308424,161.3447316,559.5005286,398.155797,555.1293917,22.25250785,5.902039965,22.42314989,16.52110992,17.40280755,0.000662203,1.894133329,1.894133329,0,0,147.5000192,115.7681974,253.5139824,137.745785,253.5139824,0.024899919,1.886762024,1.886762024,0,0,41.2246802,27.69346344,44.21457336,16.52110992,17.40280755,14.13080251,8.917383084,18.90681844,9.989435355,10.86171984,237.9750003,56.83024717,267.6567497,210.8265026,257.1278963,69.46095831,39.73960811,86.56481345,46.82520534,64.28855956,0.188389593,105.5662868,71.47398637,127.9308737,56.45688734,56.45688734,560.3636918,1.819048482,-0.061653832,687.0055722
3,3g-sphos,COc1cccc(OC)c1-c1ccccc1P(C1CCCCC1)C1CCCCC1,0.91118665,2.572798326,3.289474011,0.716675684,2.94422968,0.257800852,0.026666611,-8.933203478,-8.559233299,-17.49243678,1.746891692,-0.811313661,-0.610283431,1.421597273,-0.213323406,-0.016923387,0.196400019,-0.115123397,0.033749737,0.355754061,0.015794526,-0.44130758,-0.431360816,1.953555822,1.947707359,0.219849328,0.209768238,0.034629456,0.038602493,-0.295812657,1.932661638,51.4856578,0.796411645,0.780617119,1.152165706,300.9723654,274.0267463,302.8144084,326.0759728,-54.20373948,4.516961901,20.25729913,38.02272604,12.91171592,18.1109938,11.96155705,28.14264999,16.18109294,24.4707848,0.931196568,0.100828666,0.944014411,0.843185744,0.878677827,8.89441962,3.140207892,9.871608205,6.731400313,6.892837508,5.296207168,3.564068339,7.587892389,4.02382405,5.033061172,1.636632568,4.594850355,2.200548986,-2.394301369,-0.335515711,-6.932839735,3.959605765,-3.530136855,-7.489742621,-4.697545461,0.069846143,-0.356952332,0.732618381,0.02007792,0.460004802,4.550447719,0.838833006,4.950247789,4.111414783,4.404914912,7.261010131,1.089841503,7.688512338,6.598670834,7.211256329,4.450953473,0.971664797,4.943575283,3.971910486,4.353832677,7.156276183,0.938237989,7.287324486,6.349086497,7.021625019,7.306642695,1.336030379,8.36140438,7.025374001,7.424873695,7.782933725,2.708818141,10.18702471,7.478206574,10.1395002,444.0046941,32.45263397,35.71032262,35.71032262,0,0,74.87762391,89.73305502,89.73305502,0,0,25.34241358,25.67800517,28.00828074,2.33027557,5.776531407,93.01102384,54.33211234,129.6532556,75.32114328,96.07462293,68.64122132,15.97514769,72.84935099,56.8742033,56.8742033,381.2273667,87.59934537,458.0513769,370.4520315,458.0513769,22.33840244,6.088210994,22.39909408,16.31088309,17.08485253,0.000104839,0.288669685,0.288669685,0,0,130.2580308,49.48595174,167.7290217,118.2430699,167.7290217,0.000103965,0.28581594,0.28581594,0,0,42.28682214,27.4821907,43.79307379,16.31088309,17.08485253,12.62745998,2.994425026,14.30274615,11.30832112,11.30832112,179.367995,42.24020349,192.2106942,149.9704907,167.7290217,60.38185448,22.80992821,75.82877302,53.01884481,63.63214442,0.22017539,101.0938553,47.7957509,104.6699542,56.8742033,56.8742033,459.1645919,1.798595107,-0.066302714,551.5897989
4,3h-ruphos,CC(C)Oc1cccc(OC(C)C)c1-c1ccccc1P(C1CCCCC1)C1CCCCC1,1.02723355,3.080434322,3.702454515,0.622020193,2.866487604,0.254630218,0.028764011,-10.87460587,-8.922513076,-19.79711894,1.742903314,-0.80615115,-0.61250406,1.418655466,-0.211571453,-0.013801556,0.197769897,-0.112686505,0.03212394,0.351437523,0.022227419,-0.440285897,-0.429881918,1.953686771,1.94704294,0.221012868,0.210560779,0.034756258,0.038905744,-0.294566974,1.929903964,51.48220784,0.798225474,0.775998055,1.149662996,302.318425,277.9656959,300.0885737,328.9009566,-54.20453343,4.91418998,20.71540381,39.51760003,13.06386573,18.27515729,10.15911652,25.77452073,15.61540421,22.41217792,0.929775863,0.08036266,0.948103683,0.867741023,0.896717766,8.339470314,5.279494214,11.02760486,5.748110644,7.596125675,5.444573968,4.64883122,8.27802251,3.62919129,5.755576979,0.793009963,4.315332884,1.800251331,-2.515081554,-0.876398277,-6.237583931,4.451057358,-2.755492333,-7.206549692,-4.879178702,0.070775341,-0.349016634,0.711352996,0.024510528,0.454445623,4.713454053,1.160754054,5.085278433,3.924524379,4.377169262,8.613301128,1.565808727,8.913188997,7.34738027,7.978500612,4.619566002,1.054797463,4.979321842,3.924524379,4.377169262,7.238774196,1.443723155,7.81300987,6.369286715,7.653520001,7.338673943,1.337109757,8.333428437,6.99631868,7.483233412,7.794681659,4.132341783,11.39027318,7.257931393,10.86599459,506.5767159,38.41220209,53.9969196,53.9969196,0,0,100.4829192,119.5244053,119.5244053,0,3.346425615,23.95609403,25.53157852,27.60665336,2.075074834,5.734695221,119.2482325,92.67092412,176.22117,83.55024583,120.5558741,69.39718202,24.38317521,79.81089237,55.42771716,55.42771716,427.987766,120.1414078,530.8533459,410.7119381,526.2384163,22.29181547,6.233591741,22.39595637,16.16236463,16.8087337,0.016911295,5.314241549,5.314241549,0,0,160.5501837,80.27506129,221.7235387,141.4484774,207.7004645,0.010147465,5.305009341,5.305009341,0,0,41.89328952,28.03652017,44.19888479,16.16236463,16.8087337,13.3353434,8.620346162,19.41721991,10.79687375,11.07403848,209.5210671,86.18029189,256.0295879,169.849296,210.9664129,64.13680748,43.23507665,89.27035288,46.03527624,72.84002153,0.203210696,107.8093841,75.04993439,130.4776516,55.42771716,55.42771716,530.5419246,1.795292346,-0.067318617,643.1623662
5,3d-cyjohnphos,c1ccc(-c2ccccc2P(C2CCCCC2)C2CCCCC2)cc1,1.088345514,0.607739699,1.514635815,0.906896115,1.514635815,0.26573855,0.015228767,-10.36380647,-6.188217447,-16.55202392,1.781244637,-0.85257888,-0.594095985,1.446674777,-0.218842229,-0.030145147,0.188697082,-0.124493688,0.04106933,0.430210937,0.013581187,-0.448711764,-0.438496718,1.953787078,1.94758868,0.210771467,0.200092159,0.035464732,0.040129901,-0.303105815,1.931406665,51.50241819,0.787515581,0.773934394,1.217726519,308.9336642,287.0011661,304.0469981,335.7529105,-54.19697349,4.273267405,19.96061881,36.23489696,12.82570072,18.17533592,11.08633518,26.60628117,15.51994599,26.60628117,0.930565776,0.088505683,0.948788828,0.860283145,0.860283145,5.548018317,2.543932767,7.483573161,4.939640394,5.250060742,2.932687253,3.000172197,5.452298759,2.452126562,3.356946699,1.511741629,2.3205671,1.983196134,-0.337370966,0.630151901,-4.444428881,1.552020585,-3.987098599,-5.539119184,-3.987098599,0.060352944,-0.376125313,0.74638658,0.013871533,0.544764044,4.396519957,1.274194246,4.749651,3.475456753,4.628886106,6.762382429,1.270960117,7.385277518,6.114317401,6.771499954,4.224047071,1.223639249,4.699096003,3.475456753,4.628886106,6.497621774,0.962801904,7.055259728,6.092457825,6.376704515,7.370444911,1.134020109,8.155038104,7.021017995,8.08628894,7.882031476,2.866172763,10.3460474,7.479874632,10.3460474,399.7934297,20.59351443,30.44105497,30.44105497,0,0.069029707,52.78932266,74.85239848,74.85239848,0,0.07050406,24.55461823,24.09450553,27.45290537,3.358399846,5.602911234,87.85675473,74.81170456,113.8760628,39.06435827,39.06435827,64.74577014,24.65720223,81.62135333,56.9641511,56.9641511,347.7205931,75.34864681,402.5587689,327.2101221,402.5587689,21.62037058,5.944922056,22.29659542,16.35167337,17.78142503,0.016806756,1.11911798,1.11911798,0,0,114.3073634,35.74398631,143.9717228,108.2277365,120.5762479,0.04223758,3.083295641,3.083295641,0,0,38.86988778,27.09729779,43.44897116,16.35167337,17.85045474,12.40559055,9.847192322,19.81466368,9.967471357,11.52063977,159.3030746,50.04406652,170.6908185,120.646752,120.646752,59.32948724,32.88753412,77.44896544,44.56143133,72.19717932,0.2120845,85.33928457,54.45084222,111.484023,57.03318081,57.03318081,402.3796698,1.816461412,-0.061351151,484.6244249
6,2k-pad3,C1C2CC3CC1CC(P(C14CC5CC(CC(C5)C1)C4)C14CC5CC(CC(C5)C1)C4)(C2)C3,1.146388772,0,1.146388772,1.146388772,1.146388772,0.2573568,0.0499205,-11.65,-3.944363341,-15.59436334,1.734478804,-0.708263,-0.707933,1.416196,-0.20994,0.01642,0.22636,-0.09676,0.020680548,0.61616,0.0233,-0.426956667,-0.42692,1.94793,1.94792,0.19328,0.19322,0.044363333,0.04437,-0.27626,1.92158,47.41,0.8049,0.7816,1.42106,230.2584,186.0104,186.1169,318.6477,-54.201192,3.78,20.69,29.64,14.41,30.51062291,0,30.51062291,30.51062291,30.51062291,0.821772077,0,0.821772077,0.821772077,0.821772077,3.481168393,0,3.481168393,3.481168393,3.481168393,1.421997417,0,1.421997417,1.421997417,1.421997417,1.420364517,0,1.420364517,1.420364517,1.420364517,-2.842361934,0,-2.842361934,-2.842361934,-2.842361934,0.08304,-0.38878,0.794988,0.03121,0.79423,5.230007913,0,5.230007913,5.230007913,5.230007913,6.902411037,0,6.902411037,6.902411037,6.902411037,5.218561374,0,5.218561374,5.218561374,5.218561374,6.443563831,0,6.443563831,6.443563831,6.443563831,6.952512587,0,6.952512587,6.952512587,6.952512587,7.400359315,0,7.400359315,7.400359315,7.400359315,420.07279,0,0,0,0,0,0,0,0,0,0,1.445440232,0,1.445440232,1.445440232,1.445440232,33.6958677,0,33.6958677,33.6958677,33.6958677,65.67967459,0,65.67967459,65.67967459,65.67967459,462.5928659,0,462.5928659,462.5928659,462.5928659,17.33586965,0,17.33586965,17.33586965,17.33586965,0,0,0,0,0,133.1277768,0,133.1277768,133.1277768,133.1277768,0,0,0,0,0,17.33586965,0,17.33586965,17.33586965,17.33586965,15.28380472,0,15.28380472,15.28380472,15.28380472,133.1277768,0,133.1277768,133.1277768,133.1277768,98.4532661,0,98.4532661,98.4532661,98.4532661,0.142245393,65.67967459,0,65.67967459,65.67967459,65.67967459,461.7349873,1.780166116,-0.0712438,573.85453
8,2j-ptbu3,CC(C)(C)P(C(C)(C)C)C(C)(C)C,1.083267719,0,1.083267719,1.083267719,1.083267719,0.2735087,0.0753715,-3.32,-3.686582489,-7.006582489,1.7492288,-0.714163,-0.714077,1.428239,-0.21688,0.03601,0.25289,-0.090435,0.016170053,0.63368,0.00453,-0.431173333,-0.43114,1.94459,1.94458,0.176943333,0.17692,0.052453333,0.05246,-0.29422,1.93525,50.14,0.74462,0.74009,1.3783,225.189,200.3439,200.864,274.359,-54.196339,2.54,17.76,25.87,13.45,29.64695115,0,29.64695115,29.64695115,29.64695115,0.830704416,0,0.830704416,0.830704416,0.830704416,2.814976489,0,2.814976489,2.814976489,2.814976489,1.151961095,0,1.151961095,1.151961095,1.151961095,1.146455385,0,1.146455385,1.146455385,1.146455385,-2.298416481,0,-2.298416481,-2.298416481,-2.298416481,0.11399,-0.45613,0.889512,0.01546,0.81752,4.053254485,0,4.053254485,4.053254485,4.053254485,4.894739112,0,4.894739112,4.894739112,4.894739112,4.053254485,0,4.053254485,4.053254485,4.053254485,4.894739112,0,4.894739112,4.894739112,4.894739112,6.64891739,0,6.64891739,6.64891739,6.64891739,6.64891739,0,6.64891739,6.64891739,6.64891739,253.2069,0,0,0,0,0,0,0,0,0,0,1.383731858,0,1.383731858,1.383731858,1.383731858,8.701615306,0,8.701615306,8.701615306,8.701615306,65.12848283,0,65.12848283,65.12848283,65.12848283,253.2004251,0,253.2004251,253.2004251,253.2004251,17.1225051,0,17.1225051,17.1225051,17.1225051,0,0,0,0,0,66.72568924,0,66.72568924,66.72568924,66.72568924,0,0,0,0,0,17.1225051,0,17.1225051,17.1225051,17.1225051,15.19908644,0,15.19908644,15.19908644,15.19908644,66.72568924,0,66.72568924,66.72568924,66.72568924,57.68427903,0,57.68427903,57.68427903,57.68427903,0.257221064,65.12848283,0,65.12848283,65.12848283,65.12848283,253.2004251,1.780165466,-0.0671848,317.84446
9,2d-potol3,Cc1ccccc1P(c1ccccc1C)c1ccccc1C,0.432100754,0.910924343,1.341424201,0.430499858,1.341424201,0.268474735,0.015653714,-7.679302822,-6.466713063,-14.14601589,1.783929249,-0.72854094,-0.728030327,1.456571267,-0.222588736,-0.028099305,0.194489432,-0.125344021,0.040390801,0.388382065,0.044845599,-0.47598311,-0.475950776,1.952573638,1.952557103,0.232064786,0.232030233,0.041685165,0.041701661,-0.301922943,1.878626272,48.14646016,0.793474964,0.748629365,1.181857029,317.2944074,308.1553823,321.8082451,321.9196947,-54.17980025,4.329517338,19.93002679,38.37914122,13.52005362,19.95671016,7.305238969,27.25291623,19.94767726,24.8493998,0.91817711,0.064482403,0.918251016,0.853768613,0.874965768,4.688753147,2.037165554,6.600232177,4.563066623,6.600232177,1.927383914,2.14563159,4.067263088,1.921631498,3.771224949,1.898294659,2.623457623,1.905327833,-0.718129789,1.448293521,-3.825678572,2.395081509,-2.824436961,-5.21951847,-5.21951847,0.058945868,-0.384740238,0.766261407,0.037886567,0.495338288,4.526788862,0.204584253,4.530295757,4.325711504,4.530295757,6.364474172,0.301477476,6.66547594,6.363998464,6.66547594,4.480815067,0.299318713,4.508678421,4.209359708,4.508678421,6.042970709,0.168186393,6.210989364,6.042802971,6.210989364,6.778336973,0.828111547,7.604455047,6.7763435,7.604455047,6.973442203,0.972539067,7.943453763,6.970914696,7.943453763,346.7369756,2.994845757,1.850205334,2.999654549,1.149449215,1.149449215,3.204811862,1.967343071,3.209252699,1.241909628,1.241909628,2.94772369,7.12993203,10.06264868,2.932716651,9.470666646,16.65843711,24.90535568,41.49702401,16.59166832,32.15804343,68.76593313,8.174790779,68.77764417,60.60285339,60.60285339,347.8794439,3.277982144,350.243703,346.9657209,349.9145659,18.84842813,0.991517612,19.83976539,18.84824778,19.69438464,0.238869985,0.239512166,0.239512166,0,0,97.51066636,8.093501962,105.5873864,97.49388444,105.5873864,0.186967366,0.187470011,0.187470011,0,0,19.86486319,2.093901118,21.95667641,19.86277529,20.86056833,15.93871135,4.61766905,15.95109189,11.33342284,11.38990169,98.59675917,7.138766785,105.7216624,98.58289563,105.5873864,76.53048681,14.31306867,76.56886099,62.25579232,67.09217878,0.203494806,71.76077889,10.02499611,71.77729872,61.75230261,61.75230261,352.6416304,1.820163529,-0.043479131,407.2295423
11,2g-pcy3,C1CCC(P(C2CCCCC2)C2CCCCC2)CC1,1.280456867,0.143957281,1.306525133,1.162567852,1.278652514,0.274773748,0.068652735,-8.661276678,-3.469520903,-12.13079758,1.681047798,-0.70391507,-0.668491782,1.372407655,-0.220135327,0.03206723,0.252202556,-0.094034048,0.01753101,0.594020353,0.030706537,-0.439193977,-0.437118827,1.95916407,1.957711516,0.20441219,0.200299413,0.032226394,0.03441711,-0.298768321,1.942302944,50.84512678,0.77489329,0.744186754,1.368913643,283.1648383,250.9577587,274.5915589,323.9451941,-54.20330909,3.698527054,18.8658524,32.65404709,12.5813276,20.52626655,9.521010304,26.84048593,17.31947563,22.40527955,0.913126635,0.079824888,0.937359658,0.85753477,0.896857363,3.451551829,1.569169544,4.044920851,2.475751307,3.624459435,1.633474284,0.758714548,1.884797943,1.126083395,1.654635341,1.171118511,0.700401677,1.406291064,0.705889387,1.297532798,-2.804592795,1.287998295,-2.003090711,-3.291089006,-2.952168139,0.104343817,-0.423064979,0.779557492,0.024801478,0.774626765,4.382608863,1.168094555,5.013362154,3.845267598,4.45002516,6.777848836,0.362958648,6.850781327,6.487822679,6.727667017,4.295497636,0.897437151,4.742704749,3.845267598,4.45002516,6.383627483,0.373950357,6.464182229,6.090231872,6.35604623,7.242139854,1.262135098,7.428161743,6.166026645,7.055395571,7.722115699,1.341907832,7.912771865,6.570864034,7.527091159,343.9843711,0.330731554,5.380133543,5.380133543,0,0,0.723599952,11.59342437,11.59342437,0,0,4.465027117,11.40140664,12.88554534,1.484138705,3.652299053,35.08354023,38.26898048,59.29136994,21.02238945,37.89482172,57.18811018,12.22662541,66.47142441,54.244799,54.244799,324.8923539,12.93197973,326.0564737,313.124494,325.7120621,16.82013244,6.290070592,21.53099322,15.24092263,15.90820979,0,0,0,0,0,100.6167848,9.596586794,103.0603578,93.46377101,100.2219114,0,0,0,0,0,17.11585673,11.14516,26.38608262,15.24092263,15.90820979,11.64839198,3.696227049,13.65428526,9.958058215,11.77688641,100.6167848,9.596586794,103.0603578,93.46377101,100.2219114,56.96546902,26.77809328,69.5216621,42.74356882,59.09717476,0.176634207,57.51884174,17.28357442,71.52837342,54.244799,54.244799,325.6411964,1.796641815,-0.066834594,412.8986786
17,2c-pph3,c1ccc(P(c2ccccc2)c2ccccc2)cc1,1.460510726,0,1.460510726,1.460510726,1.460510726,0.2765862,0.0158004,-7.18,-6.740983837,-13.92098384,1.783838048,-0.72827,-0.728227,1.456498,-0.22839,-0.02949,0.1989,-0.12894,0.041793674,0.35488,0.05202,-0.476896667,-0.47689,1.95295,1.95295,0.224266667,0.22426,0.037103333,0.03714,-0.30781,1.90175,49.37,0.79827,0.74625,1.15315,296.1527,284.3266,284.4367,319.6948,-54.177169,3.92,19.45,34.77,13.27,18.07622581,0,18.07622581,18.07622581,18.07622581,0.932082024,0,0.932082024,0.932082024,0.932082024,4.561356291,0,4.561356291,4.561356291,4.561356291,1.882705291,0,1.882705291,1.882705291,1.882705291,1.841550763,0,1.841550763,1.841550763,1.841550763,-3.724256054,0,-3.724256054,-3.724256054,-3.724256054,0.06051,-0.39438,0.77233,0.04402,0.45545,4.287868079,0,4.287868079,4.287868079,4.287868079,6.323592295,0,6.323592295,6.323592295,6.323592295,4.278755456,0,4.278755456,4.278755456,4.278755456,6.029300445,0,6.029300445,6.029300445,6.029300445,6.914110295,0,6.914110295,6.914110295,6.914110295,7.181925015,0,7.181925015,7.181925015,7.181925015,307.53512,0,0,0,0,0,0,0,0,0,0,1.337712053,0,1.337712053,1.337712053,1.337712053,25.41766543,0,25.41766543,25.41766543,25.41766543,50.68872317,0,50.68872317,50.68872317,50.68872317,302.7159072,0,302.7159072,302.7159072,302.7159072,13.88438429,0,13.88438429,13.88438429,13.88438429,0,0,0,0,0,86.83775327,0,86.83775327,86.83775327,86.83775327,0,0,0,0,0,13.88438429,0,13.88438429,13.88438429,13.88438429,11.48926263,0,11.48926263,11.48926263,11.48926263,86.83775327,0,86.83775327,86.83775327,86.83775327,61.42008783,0,61.42008783,61.42008783,61.42008783,0.167446513,50.68872317,0,50.68872317,50.68872317,50.68872317,302.7159072,1.860160207,-0.0482304,344.20752
21,9g-pet3,CCP(CC)CC,1.279253038,0.074824209,1.335250168,1.260425958,1.335250168,0.298367866,0.082910438,-2.201650962,-2.80707122,-5.008722182,1.69009076,-0.695169915,-0.684754769,1.379924682,-0.230615103,0.036187804,0.266802907,-0.09721365,0.017713373,0.59823622,0.129356719,-0.450454297,-0.450245527,1.970052166,1.969418655,0.201753861,0.200551486,0.026284174,0.027816784,-0.317891961,1.95376289,53.79206977,0.732884024,0.603527305,1.331120244,315.6998514,298.0305157,313.8003366,335.2687861,-54.19777261,3.06496945,16.24898608,26.42063314,11.38629328,15.08487935,5.607836738,19.75071279,14.14287605,19.57036577,0.951508365,0.037798906,0.957432681,0.919633776,0.92109431,2.653686938,1.56587612,3.899440923,2.333564803,3.899440923,1.200946474,0.824100097,1.779973816,0.955873718,1.76662627,0.957207251,0.726455334,1.410612206,0.684156873,1.410612206,-2.158153725,1.295124529,-1.882113947,-3.177238476,-3.177238476,0.128594504,-0.495212503,0.852904772,0.187182779,0.790572495,3.198165116,0.423782487,3.397559601,2.973777114,2.985816975,4.82141752,0.101903407,4.889759727,4.78785632,4.821202198,3.198165116,0.423782487,3.397559601,2.973777114,2.985816975,4.82141752,0.101903407,4.889759727,4.78785632,4.821202198,6.137610207,1.038208465,6.79753254,5.759324075,6.744437235,6.137610207,1.038208465,6.79753254,5.759324075,6.744437235,189.4594703,0,0,0,0,0,0,0,0,0,0,2.500848474,3.821735607,5.213834703,1.392099095,3.629289151,13.8160545,14.16648988,22.28624188,8.11975199,13.73184306,47.69626725,5.753521504,49.58215605,43.82863455,43.82863455,150.9730276,3.355509573,152.8046924,149.4491828,149.8243927,13.40688539,2.209996535,14.93028894,12.72029241,13.44092071,0,0,0,0,0,44.63557389,1.954399668,46.18495171,44.23055204,44.82517405,0,0,0,0,0,13.40688539,2.209996535,14.93028894,12.72029241,13.44092071,10.47172461,1.607555454,11.24347504,9.635919582,9.794897089,44.63557389,1.954399668,46.18495171,44.23055204,44.82517405,27.67903988,9.222053611,31.51210228,22.29004866,28.13325089,0.314514032,47.69626725,5.753521504,49.58215605,43.82863455,43.82863455,151.6454891,1.826695808,-0.062157458,193.1211225
22,9h-pme3,CP(C)C,1.228758318,0,1.228758318,1.228758318,1.228758318,0.3104904,0.0886451,0.15,-2.513828173,-2.363828173,1.79363519,-0.73227,-0.732227,1.464497,-0.23527,0.04167,0.27694,-0.0968,0.016917455,0.60455,0.03144,-0.462906667,-0.4629,1.98041,1.98041,0.201196667,0.20119,0.019276667,0.01928,-0.32085,1.95398,53.75,0.74501,0.71357,1.34956,357.4174,340.1732,366.008,366.0709,-54.189884,2.82,15.25,24.45,11.59,13.77150898,0,13.77150898,13.77150898,13.77150898,0.959551933,0,0.959551933,0.959551933,0.959551933,2.673718738,0,2.673718738,2.673718738,2.673718738,1.091758018,0,1.091758018,1.091758018,1.091758018,1.091324142,0,1.091324142,1.091324142,1.091324142,-2.18308216,0,-2.18308216,-2.18308216,-2.18308216,0.13584,-0.52427,0.896279,0.00423,0.80237,2.970289708,0,2.970289708,2.970289708,2.970289708,3.481564891,0,3.481564891,3.481564891,3.481564891,2.970289708,0,2.970289708,2.970289708,2.970289708,3.481564891,0,3.481564891,3.481564891,3.481564891,5.764627134,0,5.764627134,5.764627134,5.764627134,5.764627134,0,5.764627134,5.764627134,5.764627134,134.61883,0,0,0,0,0,0,0,0,0,0,0.711215165,0,0.711215165,0.711215165,0.711215165,4.643452037,0,4.643452037,4.643452037,4.643452037,39.74228506,0,39.74228506,39.74228506,39.74228506,97.0910566,0,97.0910566,97.0910566,97.0910566,10.2917018,0,10.2917018,10.2917018,10.2917018,0,0,0,0,0,26.5944509,0,26.5944509,26.5944509,26.5944509,0,0,0,0,0,10.2917018,0,10.2917018,10.2917018,10.2917018,9.580486635,0,9.580486635,9.580486635,9.580486635,26.5944509,0,26.5944509,26.5944509,26.5944509,21.94870451,0,21.94870451,21.94870451,21.94870451,0.405615486,39.74228506,0,39.74228506,39.74228506,39.74228506,97.98019652,1.820162316,-0.0605704,124.62283
30,2i-ptbu2cy,CC(C)(C)P(C1CCCCC1)C(C)(C)C,1.136436628,0.062542629,1.189465179,1.12692255,1.189465179,0.27273318,0.072241814,-5.115629721,-3.605989063,-8.721618784,1.733973841,-0.718291069,-0.697440576,1.415732587,-0.216838972,0.033656057,0.250495029,-0.091591457,0.016744957,0.629386761,0.02031716,-0.43656051,-0.431535718,1.949636648,1.943123105,0.191237797,0.184769515,0.046773957,0.054158098,-0.29040992,1.932417902,49.33849468,0.770485769,0.750168609,1.39987253,241.7788574,207.1507421,225.2080381,292.9777924,-54.20056022,3.067422281,18.13179133,31.15056375,12.70093206,28.21776047,4.484429636,29.34153153,24.8571019,24.8571019,0.843092138,0.041664508,0.874640158,0.83297565,0.874640158,3.213320538,0.470671711,3.36818758,2.897515869,2.90878771,1.57560043,0.35468874,1.633201267,1.278512527,1.444361849,1.028662018,0.279231989,1.189805518,0.91057353,0.91057353,-2.604262448,0.382008883,-2.354935379,-2.736944262,-2.354935379,0.11025774,-0.431334326,0.844965034,0.025736961,0.806980542,3.984986929,0.094008478,4.077447158,3.98343868,4.077447158,6.575061096,0.303559471,6.799015471,6.495456001,6.79090402,3.984986929,0.094008478,4.077447158,3.98343868,4.077447158,6.20657205,0.35570583,6.450931346,6.095225516,6.423807509,7.083345334,0.449157953,7.146336491,6.697178538,6.707379114,7.488961826,0.799000049,7.496178587,6.697178538,6.707379114,284.5384425,0,0,0,0,0,0,0,0,0,0,3.197172095,2.1346914,4.857181215,2.722489816,3.973391782,51.8334169,22.59944548,52.91292173,30.31347624,30.31347624,64.00221492,2.715168483,64.27293283,61.55776434,61.55776434,276.613689,1.123921598,277.7029802,276.5790586,276.9350708,18.27796944,0.875422196,18.39746287,17.52204068,17.52204068,0,0,0,0,0,103.1009635,11.80068611,103.9509281,92.15024203,92.15024203,0,0,0,0,0,18.27796944,0.875422196,18.39746287,17.52204068,17.52204068,14.09328868,2.337596903,14.29856253,11.96096563,13.54864889,103.1009635,11.80068611,103.9509281,92.15024203,92.15024203,51.26395037,4.004975641,54.44485157,50.43987593,53.45718372,0.230425566,64.00221492,2.715168483,64.27293283,61.55776434,61.55776434,277.7563395,1.782725937,-0.067773247,350.5435447
32,2h-pcy2tbu,CC(C)(C)P(C1CCCCC1)C1CCCCC1,1.214170065,0.146272308,1.258888446,1.112616137,1.222418153,0.274460413,0.069944466,-6.858884132,-3.55340222,-10.41228635,1.698631593,-0.713951138,-0.67271542,1.386667149,-0.219144995,0.032404274,0.251549269,-0.09337036,0.017330087,0.608631067,0.026623135,-0.436929809,-0.427928495,1.954314112,1.943456206,0.196409085,0.183342272,0.038844965,0.050559381,-0.296954917,1.939447061,50.56840951,0.768605659,0.741982524,1.377236726,266.0035554,226.0597716,259.1998615,312.7510541,-54.20158083,3.417590443,18.52897748,30.37103293,12.60064747,23.27581565,9.754656721,28.98376572,19.229109,28.98376572,0.889988074,0.086293676,0.923087975,0.836794299,0.836794299,3.296172503,1.464676883,3.67382308,2.209146197,3.67382308,1.643125243,0.770696034,1.823176081,1.052480047,1.688889634,1.020452755,0.675674622,1.342385475,0.666710853,1.302466188,-2.663577997,1.206523216,-1.784832607,-2.991355822,-2.991355822,0.106744766,-0.426158476,0.810027585,0.025087508,0.788718391,4.04029665,0.545047484,4.265883616,3.720836132,4.111594416,6.76157267,0.405392529,6.851729633,6.446337104,6.582163817,4.033252444,0.533974784,4.254810916,3.720836132,4.111594416,6.366420863,0.370394096,6.462962415,6.092568319,6.142228678,7.120916863,0.657212486,7.187777928,6.530565442,6.971933487,7.552159447,0.908208482,7.607634179,6.699425696,7.438119674,314.0448848,0.310994492,5.118657379,5.118657379,0,0,0.675818986,10.416007,10.416007,0,0,4.44093489,9.805356136,11.572935,1.767578866,5.687629511,52.16467277,20.20073005,56.74205302,36.54132297,45.35486341,60.21600021,11.2800817,68.80065408,57.52057238,57.52057238,299.9695027,14.2911996,301.8664961,287.5752965,301.8414711,17.23720676,5.284956219,21.33645495,16.05149873,17.64754924,0,0,0,0,0,101.8360996,9.887423264,103.8194027,93.93197946,97.82955027,0,0,0,0,0,17.50814425,9.762474045,25.81397278,16.05149873,17.64754924,12.30750407,2.402442991,14.32366424,11.92122125,11.95991972,101.8361151,9.887423264,103.8194027,93.93197946,97.82955027,48.25011943,10.54894944,56.1729419,45.62399246,51.12638104,0.200595824,60.52699471,14.90727904,72.42785142,57.52057238,57.52057238,301.738832,1.781811298,-0.066849648,381.4974549
42,3k-tbujohnphos,CC(C)(C)P(c1ccccc1-c1ccccc1)C(C)(C)C,1.002944545,0.404868125,1.407256216,1.002388091,1.380969794,0.264474631,0.016017104,-6.827941024,-6.434172981,-13.262114,1.846816605,-0.849851949,-0.653812507,1.503664456,-0.215938504,-0.030007941,0.185930563,-0.122973222,0.040666859,0.503940066,0.015880067,-0.444563763,-0.431776385,1.944672922,1.935152774,0.199656673,0.1832527,0.050614354,0.060888116,-0.29176311,1.924733834,49.92007618,0.781708762,0.765828694,1.285648828,275.931786,246.5839595,282.6009044,298.6103738,-54.19677354,3.79802439,19.42600838,34.88070327,13.54806688,26.52338725,9.906165649,36.29501036,26.38884471,32.94498786,0.858996205,0.102770933,0.860114341,0.757343407,0.792528823,4.646420667,0.638617489,5.159026889,4.5204094,4.595207133,2.408130462,1.039536635,3.16412322,2.124586585,3.16412322,1.326934307,1.387312732,1.55144913,0.164136398,0.164136398,-3.735064769,0.694829459,-3.328259619,-4.023089078,-3.328259619,0.061826009,-0.37805546,0.798124467,0.0204144,0.62379933,3.918473602,0.195699661,4.001884221,3.80618456,4.001884221,6.326523168,0.477069028,6.786482291,6.309413263,6.710866592,3.918473602,0.195699661,4.001884221,3.80618456,4.001884221,6.0858687,0.226577721,6.310058583,6.083480862,6.249141954,7.19386528,1.083795445,8.274696657,7.190901212,7.434028343,7.654241668,2.640747796,10.27879649,7.638048689,9.832448217,341.7867658,25.36402353,25.79933011,26.07858665,0.279256543,0.279256543,61.42398583,63.27822868,63.42649966,0.148270982,0.148270982,24.80543996,21.56759988,25.49810957,3.930509692,5.709593509,104.7842581,48.3916104,111.6344049,63.24279448,63.24279448,72.25556729,6.701111121,72.94557422,66.2444631,66.2444631,290.3406954,65.58997562,355.0262245,289.4362489,349.6396813,22.11023054,3.220340431,22.22129029,19.00094986,19.69752236,0,0,0,0,0,111.113352,17.59265804,127.0540525,109.4613945,124.6353342,0,0,0,0,0,42.36677862,23.46905454,42.54635544,19.0773009,19.975733,15.42718067,1.247764253,15.51390374,14.26613949,14.26613949,165.1068248,43.09900808,167.7343422,124.6353342,124.6353342,55.10220433,7.307249307,62.39105469,55.08380538,56.36803291,0.275095598,97.61959082,32.50044123,99.02416088,66.52371964,66.52371964,354.8547495,1.814522259,-0.066672543,423.6547295
70,2f-pcpt3,C1CCC(P(C2CCCC2)C2CCCC2)C1,1.301924664,0.132694045,1.332618469,1.199924424,1.319719718,0.281155223,0.067332266,-7.269515886,-3.30625657,-10.57577246,1.628510552,-0.681839021,-0.647655212,1.32949414,-0.224223381,0.02774976,0.251973141,-0.098236811,0.019151356,0.594954352,0.046478516,-0.446027342,-0.444396046,1.961986608,1.960680935,0.211587752,0.210249773,0.031107183,0.03354152,-0.30439266,1.941569998,51.79628026,0.787692605,0.74121409,1.382646957,289.8039852,242.649256,296.7050081,330.0576465,-54.20141138,3.591957628,18.42595821,31.30303717,12.51781874,18.00482181,8.481880727,23.35107612,14.86919539,21.61908697,0.931965181,0.062741914,0.953147502,0.890405588,0.901450867,2.7325584,3.390839925,4.600174721,1.209334796,3.674869282,1.500889431,2.030818806,2.528941831,0.498123025,2.063219489,0.670753181,1.386336612,1.803703771,0.417367159,0.855100654,-2.171642612,2.762193748,-0.987404532,-3.74959828,-2.918320143,0.105884672,-0.448036951,0.802312146,0.052467932,0.772696333,3.96374798,1.540391207,4.640402045,3.100010837,3.698291044,6.053483723,0.448284191,6.07543897,5.627154779,6.009929132,3.823475057,1.6228988,4.640402045,3.017503244,3.517146835,6.053483723,0.448284191,6.07543897,5.627154779,6.009929132,6.867080096,1.576128645,7.255078692,5.678950047,7.044129368,7.206308094,2.030230432,7.709180479,5.678950047,7.475107929,299.0808536,0.024326084,5.113427856,5.113427856,0,0,0.039870714,7.37859542,7.37859542,0,0,3.166366659,10.43708255,11.33656055,0.899478003,3.363629369,34.16051001,39.07357366,52.34382459,13.27025093,33.68466016,54.75794561,21.49438655,74.13372191,52.63933536,52.63933536,277.9944064,9.90783597,279.1723884,269.2645525,279.0978952,15.13869635,6.811977015,21.29775648,14.48577946,15.02651217,2.35E-05,0.72794964,0.72794964,0,0,83.88937815,10.31606008,88.03403865,77.71797857,86.11267118,3.43E-05,0.963008292,0.963008292,0,0,15.16168911,10.54481073,25.03059019,14.48577946,15.02651217,11.43487656,8.421624278,18.28764288,9.866018606,11.61372528,83.88951166,8.676688914,88.03403865,79.35734974,86.11267118,45.94530266,28.55158049,61.07236195,32.52078147,44.51143437,0.196909725,54.7822717,26.60781441,79.24714977,52.63933536,52.63933536,278.2103207,1.800890219,-0.064760179,349.5026166
79,2e-pipr3,CC(C)P(C(C)C)C(C)C,1.282949901,0.363380847,1.432832832,1.069451984,1.069451984,0.285758099,0.076288722,-3.009952613,-3.275363295,-6.285315909,1.677052663,-0.705821983,-0.663251219,1.369073263,-0.224140848,0.032749859,0.256890707,-0.095695495,0.017825979,0.609463179,0.048841478,-0.441575233,-0.439915452,1.959037379,1.957366957,0.195223113,0.19155465,0.037009904,0.03914515,-0.306944453,1.946278264,52.0947122,0.739956529,0.691115051,1.349419708,274.9555528,238.1292584,274.2300426,312.5074272,-54.20080017,3.034997154,17.06126307,29.49732311,12.33062598,20.90629389,10.49861177,27.84038764,17.34177587,27.84038764,0.910182313,0.08836956,0.937206862,0.848837302,0.848837302,2.940026645,1.899427709,3.758748052,1.859320343,3.758748052,1.463747669,1.253036682,2.012664682,0.759628,1.536434578,0.901493326,1.071495668,1.532569544,0.461073875,1.532569544,-2.365240995,1.550875558,-1.518128563,-3.069004122,-3.069004122,0.118411641,-0.470332114,0.859070855,0.060591411,0.798262306,3.387400814,0.960917304,3.954868638,2.993951334,3.604426655,4.896527747,0.069109277,4.899877284,4.830768007,4.830768007,3.387400814,0.960917304,3.954868638,2.993951334,3.604426655,4.896527747,0.069109277,4.899877284,4.830768007,4.830768007,6.742231416,1.178799834,6.826509422,5.647709589,6.657275604,6.742231416,1.178799834,6.826509422,5.647709589,6.657275604,228.1615643,0,0,0,0,0,0,0,0,0,0,3.835069266,5.859157874,7.307735821,1.448577946,1.561535649,18.40593866,22.86648971,29.02541268,6.158922965,6.158922965,56.62406259,7.506457705,59.50151579,51.99505809,51.99505809,203.0681027,1.813327911,204.0717873,202.2584594,203.7040943,16.3810429,3.674263051,17.65173285,13.9774698,13.9774698,0,0,0,0,0,60.06933402,7.597608602,61.92134426,54.32373566,56.57324192,0,0,0,0,0,16.3810429,3.674263051,17.65173285,13.9774698,13.9774698,11.54903704,3.236029001,13.18885769,9.952828692,12.28101245,60.06933402,7.597608602,61.92134426,54.32373566,56.57324192,39.83014582,16.08093497,47.21582457,31.1348896,46.13908457,0.278151475,56.62406259,7.506457705,59.50151579,51.99505809,51.99505809,203.5706607,1.799271302,-0.064791344,258.0343221
89,3o-tbubrettphos,COc1ccc(OC)c(P(C(C)(C)C)C(C)(C)C)c1-c1c(C(C)C)cc(C(C)C)cc1C(C)C,3.631128441,1.499195558,3.641427071,2.142231513,2.703294481,0.248913597,0.013146352,-7.081828802,-8.823752793,-15.90558159,1.895783487,-0.929695782,-0.606944455,1.536640208,-0.206349016,-0.028420012,0.177929004,-0.117384514,0.038721324,0.454932361,0.040043064,-0.437984619,-0.424687004,1.944052636,1.937386414,0.201898529,0.186825299,0.053507858,0.060932907,-0.280946283,1.916582333,49.33833309,0.785852376,0.745809312,1.240784737,256.6923543,225.4903415,257.8111321,286.7756865,-54.1994767,4.902034422,20.57317159,41.07235363,12.79656593,30.75856334,6.578041572,36.97536344,30.39732187,36.97536344,0.818823663,0.07659932,0.822175656,0.745576336,0.745576336,11.1584597,3.294603658,13.84184134,10.54723768,11.54637596,8.357796003,3.135366028,11.00120212,7.865836091,9.206455975,-1.03805498,2.736497553,-0.521682995,-3.258180547,-2.84531014,-7.319741023,1.495246921,-6.361145835,-7.856392756,-6.361145835,0.054665684,-0.331971839,0.733232762,0.041516823,0.568263603,3.88904448,0.048464157,3.904676276,3.856212119,3.868698395,8.149436804,0.393906893,8.189640443,7.79573355,8.189640443,3.88904448,0.048464157,3.904676276,3.856212119,3.868698395,7.528170993,0.634131475,7.758184457,7.124052982,7.124052982,7.127244798,0.094895053,7.165717641,7.070822588,7.074700353,8.66096671,1.304190615,9.883299181,8.579108566,9.883299181,512.4842301,43.18269995,44.57854818,50.34148283,5.762934646,5.762934646,158.3590338,153.8267064,167.9694797,14.14277329,14.14277329,22.46268779,13.28194321,25.10694123,11.82499802,11.82499802,170.8738585,35.47704873,195.6086809,160.1316322,161.2938019,78.50076094,6.124817657,79.25028748,73.12546982,73.12546982,401.2936569,154.21064,551.8808179,397.6701779,551.8808179,22.35188258,1.513424035,22.43151712,20.91809309,20.91809309,0.054544275,0.502034234,0.502034234,0,0,181.8645646,81.75300532,254.2826378,172.5296325,254.2826378,0.023452085,0.497770707,0.497770707,0,0,44.14621519,17.87137283,44.48337086,26.61199803,26.61199803,16.22710328,1.545847079,16.33284708,14.78700001,14.78700001,275.6310466,32.24150498,286.5292184,254.2877134,254.2877134,58.09499691,14.85971641,68.54758176,53.68786535,68.54758176,0.214838144,121.6834609,49.98796706,128.8763715,78.88840447,78.88840447,566.3957071,1.807322827,-0.073437101,684.9470455
90,3n-tbuxphos,CC(C)c1cc(C(C)C)c(-c2ccccc2P(C(C)(C)C)C(C)(C)C)c(C(C)C)c1,1.119257421,0.273955204,1.185049967,0.911094763,0.911094763,0.260328164,0.014536803,-8.215500756,-7.17799812,-15.39349888,1.817337362,-0.833482546,-0.646431524,1.479914646,-0.217078277,-0.028907645,0.188170633,-0.122992961,0.040195659,0.403933636,0.042116781,-0.44329093,-0.431208445,1.944335281,1.934873937,0.1985914,0.181330501,0.050213937,0.058918688,-0.293411707,1.923716493,50.17516704,0.782719636,0.740602855,1.186653272,271.3192114,245.0808055,272.244164,296.6325819,-54.19499359,4.669336501,20.3025624,40.16590842,12.73000676,25.97015926,1.042522615,26.97541562,25.932893,26.3613123,0.865591665,0.009633657,0.865933925,0.856300269,0.86265934,4.582341647,0.487336648,4.759715726,4.272379079,4.599605274,3.583383945,0.395976001,3.705624252,3.309648251,3.70312568,-0.859928973,0.609751216,-0.700212734,-1.30996395,-1.30996395,-2.723454972,0.473903113,-2.39316173,-2.867064843,-2.39316173,0.057400103,-0.364024739,0.747087257,0.047494708,0.506759488,3.929625798,0.060761821,3.988085318,3.927323497,3.988085318,7.760101863,0.344236637,8.010692937,7.6664563,7.6664563,3.929625798,0.060761821,3.988085318,3.927323497,3.988085318,7.714487114,1.220173309,7.805641584,6.585468275,7.013850595,7.073571378,0.143903998,7.078593438,6.934689441,6.934689441,7.511755362,0.206571555,7.536993145,7.330421591,7.330421591,471.520607,36.96596982,17.80234312,44.28046536,26.47812223,26.47812223,148.6895109,13.60721879,150.5713752,136.9641564,136.9641564,23.77316726,4.611393622,24.00874134,19.39734772,19.39734772,169.6441293,17.57570074,176.248505,158.6728042,176.248505,76.32973878,1.730972203,76.77463116,75.04365896,75.40240426,359.956768,11.33630652,368.9197608,357.5834543,368.9197608,22.30232256,0.127600368,22.34470704,22.21710667,22.24952971,0,0,0,0,0,152.9576693,10.38752639,163.1587774,152.771251,158.3968936,0,0,0,0,0,42.32947625,3.93469331,43.26593784,39.33124453,39.33124453,15.17582596,0.838815533,15.55783174,14.7190162,14.7190162,251.5964169,8.417588231,255.6717457,247.2541575,250.5994676,55.89064598,2.06091153,56.75084207,54.68993054,54.82834205,0.221601383,113.2957086,19.14005518,121.0205817,101.8805265,101.8805265,511.2593132,1.810216318,-0.064408457,621.7007089
102,3j-brettphos,COc1ccc(OC)c(P(C2CCCCC2)C2CCCCC2)c1-c1c(C(C)C)cc(C(C)C)cc1C(C)C,3.717408433,1.4334134,3.843556027,2.410142627,2.985846638,0.251268162,0.014957577,-10.59386692,-8.979833343,-19.57370026,1.815189224,-0.90737581,-0.561165187,1.468540998,-0.210196618,-0.02551457,0.184682048,-0.117855594,0.037606591,0.375515314,0.039626669,-0.439949536,-0.430054644,1.953028757,1.951033343,0.217130799,0.206344764,0.034982922,0.037697624,-0.292564035,1.932007622,51.45906016,0.792585541,0.752958872,1.168100855,296.1048333,267.5167933,293.7600285,327.0376455,-54.20311189,5.150797767,20.88653219,40.490616,12.82127116,20.38029942,10.68974884,28.68710084,17.99735201,22.97536203,0.913857822,0.093865146,0.932176399,0.838311253,0.89069298,10.74367927,3.963438076,14.04792668,10.0844886,12.86448328,7.775805905,3.89108035,11.14926731,7.258186955,9.981330091,-0.374358843,3.073458977,-0.168257856,-3.241716833,-2.157424457,-7.401447062,1.662518691,-6.996213433,-8.658732124,-7.823905635,0.055145466,-0.331429052,0.69003181,0.045228894,0.485141658,4.882262639,0.86100806,5.157418414,4.296410353,4.96477375,8.189400952,2.326660316,9.731166853,7.404506537,9.590150391,4.841864438,0.876210752,5.157418414,4.281207662,4.96477375,7.145574441,1.355962335,7.715195673,6.359233338,7.288789824,7.152649113,1.153762871,8.268750421,7.11498755,7.668312745,8.698817267,3.356497613,11.68356021,8.327062593,9.971252218,579.3421153,38.30024675,50.90313363,51.26083302,0.357699392,0.357699392,154.7676224,164.9477174,170.1021865,5.154469124,5.154469124,24.10335938,21.97864041,27.53866955,5.560029143,5.560029143,144.5277926,58.70564945,185.3880508,126.6824014,174.5724937,73.10395962,19.97887071,81.3682444,61.38937369,62.34010103,461.8805582,166.8289388,604.932151,438.1032122,604.7803013,22.29396744,3.927371978,22.37190056,18.44452858,18.44452858,0.199149025,1.251947871,1.251947871,0,0,175.8740309,101.6514048,269.3924265,167.7410216,263.443222,1.221232853,2.307477161,2.307477161,0,0,43.63558478,25.76063164,44.25013412,18.48950248,18.48950248,15.15057356,7.561890652,18.40896782,10.84707717,12.92947334,272.2095144,81.45354129,291.3740055,209.9204642,266.9934016,68.39192888,38.2106726,92.93476884,54.72409624,87.43358039,0.18064976,111.4042064,67.54347668,130.2412771,62.69780042,62.69780042,616.6816012,1.838715961,-0.074076078,751.5802136
109,3a-iprjohnphos,CC(C)P(c1ccccc1-c1ccccc1)C(C)C,1.107635178,0.7694863,1.674331121,0.904844821,1.526925757,0.27188731,0.01612858,-6.660465805,-6.109847962,-12.77031377,1.769240786,-0.842701454,-0.594744058,1.437445351,-0.222261788,-0.030779199,0.191482588,-0.126520494,0.041800099,0.404991502,0.01427339,-0.449722556,-0.43917974,1.953710856,1.947629513,0.204451551,0.192177967,0.037926757,0.04390993,-0.309091537,1.935863131,52.52765502,0.765817675,0.751544286,1.170809177,298.9055062,275.0680898,293.6203959,328.0280718,-54.19523439,3.949519987,19.16596596,34.69341991,12.91060367,18.10875302,11.05276838,27.2879728,16.23520443,27.2879728,0.931052194,0.089910432,0.943656935,0.853746503,0.853746503,5.45197378,2.150169467,7.033005146,4.882835679,5.675275019,3.365419992,2.383539475,4.669904114,2.28636464,3.980245166,0.823187848,1.638410728,1.685323414,0.046912685,0.06477634,-4.18860784,1.430017556,-3.892837447,-5.322855003,-4.045021506,0.062828851,-0.384098992,0.78372646,0.014050166,0.519542832,3.652995488,1.009148094,3.990759304,2.98161121,3.727367069,6.379503607,1.026987589,7.141917674,6.114930085,6.750118752,3.652876491,1.009148094,3.990759304,2.98161121,3.727367069,6.346464846,0.858365316,6.932950567,6.07458525,6.280044772,7.228554029,1.453736987,8.186709251,6.732972264,8.081770636,7.642878604,3.634201572,10.36717384,6.732972264,10.36717384,324.82016,20.62813141,28.59817097,28.59817097,0,0.097269133,54.61975024,65.95592343,65.95592343,0,0.033045175,25.14807653,24.72936965,28.18294682,3.453577169,5.654160562,108.9174564,78.98431563,124.3103297,45.3260141,56.16337325,63.78359297,9.181996962,66.65550363,57.47350667,57.47350667,265.0751134,68.79004082,321.2752464,252.4852056,317.2543352,21.78125537,5.69181313,22.21292305,16.52110992,17.94144844,0,0,0,0,0,112.5229214,18.0761758,123.1293479,105.0531721,121.2871523,0,0,0,0,0,39.6109087,26.4488369,42.96994682,16.52110992,18.03767167,12.4356034,3.861479984,13.71808545,9.856605464,11.60117443,160.1433427,55.87883858,163.6016375,107.722799,121.3201975,43.96014283,28.74843833,62.39678485,33.64834652,54.37808986,0.262777071,84.41172438,35.75843423,93.32921003,57.5707758,57.5707758,321.2236141,1.831725298,-0.061094559,381.8982267
212,3b-phjohnphos,c1ccc(-c2ccccc2P(c2ccccc2)c2ccccc2)cc1,1.236547602,0.337792799,1.434538203,1.096745404,1.434538203,0.26895155,0.008453775,-9.338073561,-8.297313033,-17.63538659,1.805816217,-0.752644633,-0.721666978,1.474311611,-0.224139507,-0.033456726,0.190682781,-0.128798117,0.043507897,0.357119921,0.03216081,-0.474152639,-0.471484947,1.951699292,1.950704119,0.22591112,0.220249089,0.039229334,0.042428955,-0.305108394,1.89805695,49.76574107,0.808126623,0.775965813,1.165246544,297.9365875,256.3925869,310.6233785,326.7938314,-54.17901407,4.248432196,20.30061285,34.78934466,13.50075488,17.98845265,6.095093825,23.90111453,17.8060207,23.90111453,0.932478803,0.048417668,0.933915015,0.885497346,0.885497346,7.837508033,4.819338929,11.51584911,6.69651018,11.51584911,5.576554358,2.188735587,6.29161874,4.102883153,6.219426951,-0.188070225,3.810921693,2.997367386,-0.813554306,2.997367386,-5.388484134,4.035434763,-5.181359574,-9.216794337,-9.216794337,0.049942389,-0.370384742,0.752846746,0.032355762,0.462149508,4.188217306,0.40609011,4.511981628,4.105891518,4.511981628,6.713786311,0.534566284,6.889110207,6.354543923,6.524854829,4.141688146,0.308011499,4.367237596,4.059226097,4.367237596,6.425083279,0.504244636,6.590770166,6.08652553,6.090326194,7.071331568,1.174516613,8.167189693,6.992673081,8.167189693,7.465505207,2.436660651,9.756049196,7.319388545,9.756049196,371.0843062,10.19724106,13.5277308,13.5277308,0,0,33.01331131,51.46507084,51.46507084,0,0,18.97354252,16.54202802,20.31774382,3.775715803,3.775715803,83.34872275,34.39576064,85.88480457,51.48904393,51.48904393,60.75733557,8.778277765,61.39251141,52.61423364,52.61423364,353.4847746,48.5434654,384.2389455,335.6954801,384.2389455,21.52074932,6.074614233,21.88869261,15.81407838,15.81407838,0,0,0,0,0,121.9830776,24.20153559,131.0087133,106.8071777,131.0087133,0,0,0,0,0,31.00372314,18.25835755,34.07243593,15.81407838,15.81407838,11.16502717,0.39326015,11.45161006,11.05834991,11.45161006,146.8913305,16.28856798,147.2972813,131.0087133,131.0087133,59.12531697,11.24988815,69.19360593,57.94371778,69.19360593,0.18357458,70.95457662,22.30600857,74.92024221,52.61423364,52.61423364,386.4980859,1.854443884,-0.050057388,438.9631177
263,3f-davephos,CN(C)c1ccccc1-c1ccccc1P(C1CCCCC1)C1CCCCC1,1.098159444,1.452746503,2.465604809,1.012858306,1.371505754,0.255207462,0.018196756,-10.51096928,-6.58388812,-17.0948574,1.773322155,-0.840115521,-0.601202068,1.441317725,-0.209482278,-0.025668337,0.183813941,-0.117575307,0.037604314,0.127614962,0.011305101,-0.442488629,-0.430643553,1.952273527,1.945893677,0.216689384,0.205823837,0.035513385,0.04105068,-0.300489987,1.934063367,52.67636551,0.807958239,0.796653138,0.935573202,300.2287452,274.7649685,293.3619613,332.5593368,-54.20141726,4.411864444,20.27602302,38.54988865,12.92207081,16.86563937,11.39088608,26.63834289,15.2474568,22.84569632,0.9387989,0.089749398,0.949709806,0.859960409,0.891276295,3.426768073,7.077366875,10.04391393,2.966547052,7.006318984,2.54286913,4.414830544,6.431272321,2.016441777,3.485748584,-0.341472659,3.743480396,2.556025189,-1.187455206,2.18541038,-2.201396471,5.767696489,-1.854656787,-7.622353276,-5.671158964,0.06187543,-0.358408466,0.747901089,0.010025033,0.200094535,4.891220446,1.215368102,5.014300858,3.798932755,4.391538917,6.791148353,1.703423246,8.077272963,6.373849717,7.299905,4.83583792,1.132281496,4.931214252,3.798932755,4.391538917,6.396036853,1.515451372,7.603445934,6.087994562,6.98513607,7.342640204,1.437068027,8.406533557,6.969465531,7.544159747,7.798463937,2.319548473,9.922897662,7.603349189,9.30732177,431.3947102,36.55835918,43.67174885,43.67174885,0,0,77.31538045,88.71164422,88.71164422,0,0,24.58578538,25.95098629,27.79491619,1.843929906,6.371651155,75.3353773,70.99439072,121.0844975,50.09010679,104.5083339,72.36112424,24.16876476,80.33489061,56.16612585,56.16612585,370.2906961,94.18107849,449.8828949,355.7018164,448.7380122,22.39017169,7.050443276,22.44302208,15.3925788,17.49903077,0.022765397,2.326091952,2.326091952,0,0,123.4189316,71.77412928,188.7097945,116.9356653,175.3019066,0.033735244,2.317844567,2.317844567,0,0,42.39417938,29.03640502,44.42898382,15.3925788,17.49903077,14.31819043,8.081705265,18.03139624,9.949690978,11.12737962,169.0498232,69.97809951,203.2039899,133.2258904,175.3019066,67.4423035,38.11257868,84.95324411,46.84066542,57.83216795,0.242126757,108.9194834,66.23714177,122.4032676,56.16612585,56.16612585,449.8509045,1.788512655,-0.062433183,544.7485044
277,3e-cymephos,Cc1ccccc1-c1ccccc1P(C1CCCCC1)C1CCCCC1,1.122991543,0.597841332,1.543612203,0.945770871,1.242457902,0.266832746,0.020623375,-10.39592176,-6.176914456,-16.57283621,1.744009443,-0.826875611,-0.590528419,1.417404043,-0.220462128,-0.024265621,0.196196507,-0.122363874,0.038169575,0.446947224,0.030037736,-0.449813402,-0.43948431,1.953911976,1.946989312,0.212752363,0.201659974,0.035286358,0.040491834,-0.30298167,1.924572028,51.31601942,0.793566069,0.763528333,1.240513293,300.5068374,271.1707105,298.3725095,331.9773662,-54.19586908,4.391505779,20.13555942,38.38633827,12.89134758,18.58252594,10.44528917,25.55177918,15.10649001,23.96768064,0.926967313,0.081826122,0.951262892,0.86943677,0.883233259,3.305145701,3.87957441,6.651005602,2.771431192,6.189924634,2.318997073,2.187703114,3.641042057,1.453338943,3.311826484,0.007245987,2.525659855,1.928993173,-0.596666683,1.650359205,-2.32624306,3.385941265,-1.974823826,-5.360765091,-4.962185689,0.065070958,-0.374643974,0.744167694,0.030059152,0.561066146,4.450142,1.02348056,4.807744324,3.784263764,4.388135036,6.763021393,0.525616481,6.854222998,6.328606517,6.827444968,4.418789806,0.836721996,4.62098576,3.784263764,4.349813924,6.418879103,0.682218721,6.765426539,6.083207818,6.400231093,7.352762578,1.146584548,8.148531005,7.001946458,8.148531005,7.815487826,2.549145558,9.899206778,7.35006122,9.190133697,412.9764238,22.55218157,33.32147639,33.32147639,0,0,54.95125499,79.56600252,79.56600252,0,0,21.43413895,24.68439575,27.53344003,2.849044279,5.408372968,80.03225195,74.84983629,131.2287484,56.37891211,90.28591318,69.52125081,26.3369251,82.92036691,56.58344181,56.58344181,361.5480754,80.12758429,419.6334104,339.5058261,418.8803127,22.19634539,6.004538621,22.34052342,16.3359848,16.85056989,0.00327188,2.640909253,2.640909253,0,0,115.3197287,45.94406267,159.4577822,113.5137196,153.8294153,0.007220504,4.273604669,4.273604669,0,0,38.4882188,26.75110335,43.08708815,16.3359848,16.85056989,14.05939452,11.26125541,22.32588075,11.06462534,11.44219692,154.9246539,54.77926413,188.0078691,133.228605,153.8294153,69.13940132,33.36380331,76.84969288,43.48588957,59.06065253,0.219300196,92.07343238,59.65840149,116.2418433,56.58344181,56.58344181,419.8573721,1.830491154,-0.059597671,506.5121554
278,3c-phdavephos,CN(C)c1ccccc1-c1ccccc1P(c1ccccc1)c1ccccc1,0.79212011,1.975722958,2.303056087,0.327333129,2.064860896,0.255556445,0.010086273,-9.544377699,-8.853648978,-18.39802668,1.815909397,-0.758208769,-0.724339807,1.482548919,-0.210324041,-0.031137657,0.179186385,-0.120730849,0.040692442,0.093017077,0.030952558,-0.469518082,-0.466735921,1.950580537,1.949290423,0.231352088,0.225553563,0.039346467,0.042644749,-0.300767389,1.897353576,50.28757744,0.824360688,0.793408129,0.917377764,298.2989503,266.8604113,299.7229465,328.3135216,-54.18304721,4.529324376,20.56465991,36.8398073,13.4832328,17.42529264,9.33931152,26.50321838,17.16390686,25.68175503,0.936353636,0.076637367,0.938266557,0.86162919,0.865958419,6.632504908,8.334672503,12.51368477,4.179012265,8.554323464,4.384002227,4.449798671,7.605508559,3.155709888,4.384102977,0.467812264,6.560561661,3.970523848,-2.590037813,2.516765298,-4.851814491,7.429275624,-2.701773571,-10.1310492,-6.900868275,0.050879383,-0.34731993,0.742176725,0.02779605,0.153727801,4.305294978,0.499002793,4.599532401,4.100529608,4.520943481,6.57953644,1.516066116,7.918316148,6.402250032,7.033719908,4.235175544,0.418989213,4.519518821,4.100529608,4.498968903,6.446839114,1.033344237,7.096953957,6.06360972,6.237455518,7.129683834,1.333126699,8.279820878,6.946694178,7.962231845,7.540538047,2.911444891,10.17470344,7.263258552,9.345790991,409.6682112,30.30726294,38.21003474,38.21003474,0,0,69.1226668,80.48955026,80.48955026,0,0,25.081502,24.9197243,27.30543281,2.385708517,2.385708517,90.1649255,71.29692364,129.6428048,58.34588114,75.55721283,65.36738198,13.78502335,66.8510878,53.06606445,53.06606445,363.9357448,76.53683913,430.7941089,354.2572698,430.7941089,22.12656381,7.350617912,22.40118589,15.05056798,15.05056798,0.027902053,0.057524756,0.057524756,0,0,122.340844,54.39859249,170.8697695,116.471177,153.9369093,0.027814617,0.057344493,0.057344493,0,0,41.51395141,28.4266426,43.47721058,15.05056798,15.05056798,11.16833899,2.172343967,12.472413,10.30006904,11.79571269,169.9152856,51.76428406,192.3364807,140.5721966,153.9369093,59.87652405,22.70071866,80.89411502,58.19339635,72.49730484,0.220580174,95.67464492,51.56937489,104.6354393,53.06606445,53.06606445,433.74735,1.827341593,-0.051938918,498.409935
280,3l-tbumephos,Cc1ccccc1-c1ccccc1P(C(C)(C)C)C(C)(C)C,1.156692017,0.074334057,1.208603578,1.134269521,1.208603578,0.265559209,0.017142068,-6.81085696,-6.496256434,-13.30711339,1.826812277,-0.836092446,-0.651679093,1.487771001,-0.217568816,-0.028677634,0.188891182,-0.123123225,0.040127369,0.501035875,0.027349688,-0.444293581,-0.432210985,1.944551473,1.934293197,0.199260541,0.182780805,0.050404629,0.06026712,-0.293054573,1.923699167,50.06773634,0.781223302,0.753873614,1.282259177,270.8187173,241.8299988,274.5025377,296.1236693,-54.19584919,3.891610319,19.61387029,35.88989424,13.65613018,26.14854455,7.197218944,33.21780529,26.02058634,33.21780529,0.863096643,0.076034635,0.86445679,0.788422155,0.788422155,3.524966484,2.367750346,5.275880357,2.908130011,5.275880357,2.154837573,0.809344314,2.739966018,1.930621703,2.739966018,0.560237466,1.276888697,1.508713995,0.231825298,1.508713995,-2.715075039,2.086233011,-2.162447001,-4.248680012,-4.248680012,0.06255904,-0.375160026,0.801128102,0.032075254,0.618885852,3.921875825,0.074378585,3.990410287,3.916031701,3.990410287,6.486718898,0.33901144,6.7062075,6.36719606,6.7062075,3.921875825,0.074378585,3.990410287,3.916031701,3.990410287,6.33546902,0.539826782,6.625712173,6.085885391,6.247797784,7.139596501,0.184813747,7.291456054,7.106642307,7.291456054,7.584269505,2.118271382,9.656798678,7.538527297,9.656798678,351.3726532,26.75771472,26.76574601,27.14122578,0.375479771,0.375479771,65.68672426,68.28352492,68.66693992,0.383415003,0.383415003,24.54574288,18.72796874,25.0316361,6.303667353,6.303667353,109.6223997,41.65200052,120.258162,78.60616151,78.60616151,73.71139019,8.920520798,74.78636641,65.86584562,65.86584562,304.3449829,68.41742891,371.1264505,302.7090216,371.1264505,22.16770298,2.344918235,22.26103467,19.91611643,19.91611643,0,0,0,0,0,119.3496351,27.73437861,141.651557,113.9171784,141.651557,0,0,0,0,0,41.96717835,21.70565929,42.00039321,20.29473392,20.29473392,15.26460176,1.34607929,15.33714585,13.99106656,13.99106656,174.6994541,39.1576551,180.8092121,141.651557,141.651557,55.65178421,2.072302749,57.19578088,55.12347814,57.19578088,0.270344368,100.4691049,35.68626681,101.9275922,66.24132539,66.24132539,371.6384463,1.817550903,-0.065237266,444.0740816
281,3m-tbudavephos,CN(C)c1ccccc1-c1ccccc1P(C(C)(C)C)C(C)(C)C,1.046757355,1.062405638,2.098703661,1.036298023,1.72413864,0.255494032,0.017679914,-6.799979693,-6.709558456,-13.50953815,1.831523071,-0.834240681,-0.657714585,1.491955266,-0.210907798,-0.026960736,0.183947063,-0.118934267,0.038449593,0.233417614,0.011902188,-0.43891394,-0.425269884,1.943381483,1.932454448,0.205237349,0.1888146,0.050950191,0.061292991,-0.288775397,1.924821049,50.78481176,0.799793738,0.78789155,1.033211352,264.2373056,230.7714393,267.0109159,294.9295564,-54.20054933,3.96272794,19.85881136,37.49178935,13.78747446,25.56182137,10.46961345,36.00875412,25.53914067,32.24285154,0.868399946,0.107671823,0.868596036,0.760924213,0.798371472,3.170159714,4.409042523,7.547006554,3.13796403,6.506570399,2.425574327,3.218797357,5.611979827,2.393182469,3.483483319,-0.437071187,2.723510354,1.731979279,-0.991531075,1.731979279,-1.98850314,3.348183054,-1.867279543,-5.215462597,-5.215462597,0.062101904,-0.367327006,0.806878909,0.013184351,0.317620071,3.908310856,0.187398659,4.045659605,3.858260946,4.045659605,6.338950586,1.66646721,8.000488556,6.334021346,7.150516757,3.908310856,0.187398659,4.045659605,3.858260946,4.045659605,6.083692068,1.708516858,7.788654605,6.080137747,6.672773647,7.165341248,0.403640595,7.568525767,7.164885172,7.395292946,7.614959795,2.643107704,10.25638066,7.613272954,9.846502728,368.0791485,38.4678134,38.44222558,38.64408517,0.201859598,0.201859598,83.18717712,84.64332873,84.73945103,0.096122299,0.096122299,24.50291125,20.45998685,24.52751005,4.067523201,5.805816737,97.67796567,93.95832314,137.2547014,43.29637825,92.68070822,76.68151462,11.16189447,76.78613611,65.62424164,65.62424164,313.6610629,88.78759281,401.6986732,312.9110804,396.4200398,22.37963847,3.551892207,22.38549732,18.83360511,19.87218844,0,0,0,0,0,119.7522133,44.82876303,164.2186748,119.3899118,164.2186748,0,0,0,0,0,43.58164356,24.56934624,43.60794866,19.03860243,20.07195622,15.26258078,1.062639129,15.32877862,14.26613949,14.26613949,169.601309,66.8333084,204.9571334,138.123825,164.2186748,55.33050488,11.30960291,66.60202899,55.29242608,55.77263222,0.286707509,115.149328,49.60412005,115.4302213,65.82610124,65.82610124,401.6268595,1.787927446,-0.067055095,481.2759315
291,3p-me4tbuxphos,Cc1c(C)c(C)c(P(C(C)(C)C)C(C)(C)C)c(-c2c(C(C)C)cc(C(C)C)cc2C(C)C)c1C,1.698531998,0.541169499,1.768257186,1.227087688,1.476683449,0.245616021,0.01541246,-8.756310935,-6.926928147,-15.68323908,1.91492692,-0.870718953,-0.689079467,1.559798834,-0.203479813,-0.023795422,0.179684391,-0.113637617,0.035934206,0.508056553,0.042680396,-0.43765419,-0.426448629,1.944450593,1.938404554,0.198398462,0.180130331,0.058818415,0.069575921,-0.273550914,1.905302542,47.44710183,0.772683673,0.730003277,1.280740226,254.3335613,224.3709918,259.925414,278.7043196,-54.19911162,4.921553063,20.78026173,41.21231964,12.89061515,35.4355697,8.12701296,41.12712405,33.00011109,34.73700948,0.767298566,0.09373083,0.785783178,0.692052348,0.766428643,5.428349021,2.549756954,7.633523269,5.083766315,7.068941776,4.320931135,1.701521655,5.803410457,4.101888802,5.488859773,-1.31584941,1.1682859,-0.508213306,-1.676499206,-1.198699445,-3.005081726,2.675367039,-2.450268698,-5.125635737,-4.290160327,0.054474815,-0.349028307,0.742357782,0.057463318,0.619614512,3.921476492,0.231239847,4.081072242,3.849832395,4.048328057,7.78268814,2.11526071,9.794529511,7.679268801,8.979426997,3.921476492,0.231239847,4.081072242,3.849832395,4.048328057,7.529868273,0.923095632,7.78903638,6.865940748,7.138374054,7.500560511,1.107275098,7.983299746,6.876024649,6.876024649,8.041339976,4.402797125,12.37127878,7.968481654,10.38767976,515.395141,53.68745944,52.29941634,59.24317734,6.943761001,6.943761001,169.005266,163.677405,172.2781685,8.600763572,8.600763572,22.90512742,12.16596294,23.25568999,11.08972705,13.00268666,170.8149538,72.20536654,191.2851784,119.0798119,152.5833527,79.24417181,9.86706451,81.03355492,71.1664904,71.1664904,405.8461094,169.4576778,567.1250711,397.6673933,567.1194468,22.40776814,1.46949604,22.44093027,20.97143423,21.03000489,1.255583284,2.843814756,2.843814756,0,0,193.3748593,80.13265432,271.7340812,191.6014269,252.6535211,1.332113602,3.598460923,3.598460923,0,0,44.46069825,18.16422613,44.81073902,26.64651288,27.01571723,18.02415379,6.99291852,20.59177084,13.59885232,14.01303056,278.1111073,49.50087736,282.7471911,233.2463137,253.255534,59.22392875,14.04774517,70.1282397,56.08049453,63.93620031,0.229922406,132.9316312,61.40401636,139.5142678,78.11025141,78.11025141,578.1563087,1.751761308,-0.064998223,703.7247565
306,3q-adjohnphos,c1ccc(-c2ccccc2P(C23CC4CC(CC(C4)C2)C3)C23CC4CC(CC(C4)C2)C3)cc1,1.10616394,0.334182409,1.425530523,1.091348114,1.425530523,0.256136049,0.015143976,-12.4429104,-6.581858693,-19.02476909,1.83178166,-0.864140494,-0.625121454,1.489261949,-0.212088635,-0.028449066,0.183639569,-0.12026885,0.039383141,0.532657347,0.0150747,-0.443699163,-0.433344544,1.946871179,1.93912084,0.213847189,0.202206962,0.044727859,0.052531917,-0.279131842,1.91450996,47.86320495,0.829280702,0.814206003,1.361938049,273.8928265,232.0173352,284.6336934,305.0275187,-54.20041407,4.283541613,20.97677238,37.002557,13.83677514,26.69822267,10.49002919,37.11467324,26.62464405,33.2184457,0.857094619,0.11002638,0.857619484,0.747593104,0.789026297,4.844626884,1.094316759,5.103233365,4.008916606,4.008916606,2.281294051,0.299600279,2.513710056,2.214109777,2.513710056,1.642560293,1.380325294,1.939138889,0.558813595,0.558813595,-3.923854345,1.090993329,-3.072523651,-4.16351698,-3.072523651,0.058498648,-0.366783351,0.754068279,0.021869445,0.649520619,4.593931809,0.478661922,4.977768547,4.499106625,4.977768547,6.824734286,0.014295804,6.838383408,6.824087604,6.824548959,4.554054249,0.50521508,4.93069512,4.42548004,4.93069512,6.352937862,0.414131183,6.764238545,6.350107362,6.764238545,7.209881936,1.037233786,8.246248301,7.209014514,7.440632242,7.667039578,2.508842138,10.1651283,7.656286165,9.80760212,453.3280951,25.01754587,25.45418158,25.91647143,0.462289857,0.462289857,61.49300684,62.02838226,63.14102324,1.112640986,1.921188116,24.74706386,21.13773307,25.36214197,4.224408899,6.557822184,66.61695066,27.19252493,80.86934695,53.67682202,80.86934695,72.4371703,6.884144436,73.34301799,66.45887356,66.45887356,431.8955544,61.91128564,491.7998261,429.8885404,491.7998261,22.17590555,2.674378202,22.23907067,19.56469247,20.20478612,0,0,0,0,0,135.8004148,38.23098044,173.5811205,135.35014,173.5811205,0,0,0,0,0,42.37670318,22.86138394,42.5369423,19.67555836,20.67544321,15.51009717,1.502964988,15.62058601,14.11762103,14.11762103,165.344913,15.82669267,175.4353965,159.6087038,175.4353965,91.57479279,5.411303987,94.56604956,89.15474557,94.56604956,0.197408377,97.45471618,32.33832601,99.25948942,66.92116341,66.92116341,493.6686566,1.812780153,-0.068663494,594.3033652
347,3r-adbrettphos,COc1ccc(OC)c(P([C@]23C[C@@H]4C[C@@H](C[C@@H](C4)C2)C3)[C@]23C[C@@H]4C[C@@H](C[C@@H](C4)C2)C3)c1-c1c(C(C)C)cc(C(C)C)cc1C(C)C,3.561859176,1.208761127,3.573547238,2.364786111,2.918373425,0.243288994,0.011800162,-12.37509276,-9.02874059,-21.40383335,1.887453434,-0.946472652,-0.580035139,1.526508269,-0.203905305,-0.027594872,0.176310433,-0.115750088,0.037995725,0.495801633,0.039331513,-0.437478484,-0.425303794,1.946551422,1.942306765,0.214967839,0.204148225,0.04732459,0.052285713,-0.269588514,1.907801785,47.37465214,0.832417211,0.793085698,1.328218844,255.0840508,198.0988816,270.8108947,296.3423281,-54.20195619,5.230765549,21.7809042,42.76495858,13.01523603,30.9528275,7.100250031,37.8456499,30.74539987,31.17246204,0.816870147,0.084909518,0.818651343,0.733741825,0.80777227,11.74457512,0.711057322,12.1584398,11.44738248,11.61585414,8.902922205,0.745017015,9.384619292,8.639602277,8.886623666,-1.365972306,0.822243245,-1.162648994,-1.984892239,-1.573647469,-7.5369499,0.406554697,-7.312976197,-7.719530894,-7.312976197,0.051125841,-0.326105387,0.707333698,0.044487969,0.610035514,5.19845765,0.059906802,5.223515142,5.16360834,5.179594947,8.1606895,2.064742731,9.720983078,7.656240346,8.162903043,5.19845765,0.059906802,5.223515142,5.16360834,5.179594947,7.474237065,1.099507406,7.740149909,6.640642504,6.967438366,7.137107519,1.048354528,7.987401548,6.939047021,7.493075945,8.675828033,2.067586868,10.69535086,8.627763992,10.40703005,616.0170793,41.7827482,44.58586952,48.60109748,4.015227969,5.319471073,158.4010831,153.3800406,167.0746916,13.69465096,13.69465096,22.16685961,16.33912251,24.79735345,8.458230941,12.16282523,124.0103882,47.90837801,170.5232435,122.6148655,154.6222332,78.84802762,9.784438043,78.87480771,69.09036967,69.09036967,541.3827396,149.7090506,687.4045123,537.6954617,684.7294156,22.30776795,1.646253926,22.43674665,20.79049272,20.96934242,0.08451847,0.162115221,0.162115221,0,0,181.0810752,120.4354445,293.7346565,173.299212,262.998641,0.14960806,0.286963828,0.286963828,0,0,44.01277862,19.81570958,44.31602612,24.50031653,25.92065505,16.44409929,3.386639271,17.1444691,13.75782983,13.75782983,277.1900417,39.96806462,299.3132439,259.3451793,264.2339843,95.97891663,13.87751286,107.6213922,93.74387939,101.3639311,0.170995619,120.6307758,53.01063151,127.4204722,74.40984074,74.40984074,705.4613648,1.80591556,-0.075974187,855.2623363
862,9d-mejohnphos,CP(C)c1ccccc1-c1ccccc1,0.992737871,0.513209652,1.456398412,0.94318876,1.456398412,0.276979623,0.016536679,-4.674587366,-5.702801118,-10.37738848,1.807218337,-0.801403796,-0.672283119,1.473686909,-0.223762931,-0.032545358,0.191217573,-0.128154145,0.042946291,0.338861129,0.020593551,-0.466372703,-0.460978488,1.969030116,1.96107757,0.207845549,0.199321486,0.026375577,0.038364945,-0.316070496,1.926750898,52.73889441,0.769330367,0.748736816,1.108191496,339.3002561,311.7176582,325.4250602,380.7579791,-54.1854327,3.700881921,18.70854902,32.42216191,13.21034015,15.76573663,6.015827571,21.07764202,15.06181445,21.07764202,0.947288352,0.043587151,0.951790238,0.908203087,0.908203087,6.088068226,1.248113236,7.207975724,5.959862488,7.207975724,4.190050763,0.975177655,4.683918633,3.708740979,4.683918633,0.159375433,1.832607387,1.724279145,-0.108328242,0.74399867,-4.349426196,1.273969417,-4.159050706,-5.433020123,-5.427917304,0.065399008,-0.39330154,0.808649102,0.019022375,0.451844052,2.988662413,0.04487221,2.992417377,2.947545168,2.947545168,6.998948172,0.824741006,7.120026116,6.29528511,6.641332766,2.988662413,0.04487221,2.992417377,2.947545168,2.947545168,6.689555096,0.681273975,6.790881299,6.109607325,6.188235228,6.696117527,1.626643236,8.227015969,6.600372732,8.227015969,6.768070495,3.064628242,9.665000974,6.600372732,9.665000974,263.3048443,9.339530354,19.07207137,19.07207137,0,0,27.28802991,58.58363737,58.58363737,0,0,19.8377433,20.14830726,26.93413666,6.785829398,6.785829398,113.9758919,57.0180311,132.3985797,75.38054861,75.38054861,52.3205771,8.013721463,54.71441019,46.70068873,46.70068873,221.2144236,57.45587698,246.6684128,189.2125358,246.6684128,21.19778741,5.081004811,21.74854139,16.66753657,16.66753657,0,0,0,0,0,115.8321838,8.454224624,117.0212749,108.5670503,108.5670503,0,0,0,0,0,29.64988342,19.91088691,36.57842348,16.66753657,16.66753657,9.588507257,0.15061027,9.724821477,9.574211207,9.724821477,141.6810684,51.84792946,160.4149797,108.5670503,108.5670503,21.9007786,9.587826024,31.42784878,21.84002276,31.42784878,0.245779237,61.66010745,27.08579284,73.78648156,46.70068873,46.70068873,250.8563113,1.81383376,-0.05472112,292.1397617
864,9b-cptjohnphos,c1ccc(-c2ccccc2P(C2CCCC2)C2CCCC2)cc1,1.123800064,0.596283404,1.547532544,0.951249141,1.460153792,0.272629947,0.016923066,-9.658969099,-6.313453057,-15.97242216,1.728408064,-0.837882701,-0.564474972,1.402357667,-0.224891458,-0.028980764,0.195910693,-0.126936111,0.04112452,0.403589964,0.014959829,-0.452707669,-0.446521709,1.95577461,1.953843223,0.216147954,0.211429352,0.03361054,0.035642283,-0.308314491,1.937100894,52.53906032,0.798580167,0.783620338,1.202170131,307.7742957,274.3243322,316.9554452,332.0430624,-54.19593281,4.199565028,19.67180365,34.56622307,12.77403644,16.08887754,10.13876064,25.91154669,15.77278604,22.78042177,0.944878526,0.080521715,0.947302719,0.866781004,0.89291948,5.716811547,2.796849042,7.609858503,4.813009461,5.454315875,3.335382117,2.856103016,5.068738946,2.21263593,3.999760877,1.157813328,2.636963571,2.10527457,-0.531689002,-0.30393954,-4.493195444,2.354145428,-3.319309399,-5.673454827,-3.695821336,0.062589117,-0.381694551,0.749110464,0.012523504,0.514747142,4.104659894,1.141027012,4.368114674,3.227087662,4.036950943,6.14945752,1.012837738,7.103710853,6.090873115,6.596997747,4.09981498,1.103065761,4.330153423,3.227087662,3.981649678,6.118243667,0.926743701,7.017616816,6.090873115,6.15757496,7.419510241,1.397621374,8.242977559,6.845356185,8.242977559,7.913440558,3.315847891,10.36997987,7.054131974,9.32744448,376.1108203,20.72244417,27.20084235,27.20084235,0,0,55.7560902,67.73637152,67.73637152,0,0,24.97612835,26.31182339,30.20572642,3.893903029,4.896925592,96.88466925,92.15776158,129.118865,36.96110345,81.99360188,64.87119919,16.4478966,71.95719432,55.50929773,55.50929773,313.0081898,67.39433105,371.0448221,303.6504911,370.86543,21.51997815,6.05369614,22.36980875,16.31611261,16.31611261,1.56E-05,0.012550856,0.012550856,0,0,113.6464429,31.00645113,137.7052905,106.6988394,133.5943889,1.52E-05,0.012274366,0.012274366,0,0,39.15726281,27.67777487,43.99388748,16.31611261,16.31611261,13.85891628,4.734810371,14.51192708,9.77711671,11.41918702,164.5801521,60.30834611,171.3360795,111.0277334,133.5943889,56.15305142,38.47429603,72.34372441,33.86942837,51.60078704,0.230351755,85.59364336,41.85501246,97.36431019,55.50929773,55.50929773,371.5726684,1.844346095,-0.062311077,444.6730389
1831,9f-pcpr3,C1CC1P(C1CC1)C1CC1,1.334586342,0.113947857,1.352172267,1.23822441,1.352172267,0.302301743,0.084326987,-5.194552407,-4.216868702,-9.411421109,1.678085986,-0.686653525,-0.683475455,1.370128981,-0.238961633,0.038067979,0.277029612,-0.100446827,0.018210332,0.61697576,0.190553444,-0.471863074,-0.471765819,1.966053916,1.965989582,0.225464811,0.225352936,0.036801512,0.037116467,-0.315393627,1.946004548,51.72680937,0.799668768,0.609115324,1.416644528,266.646836,247.9337939,251.3743128,300.6324062,-54.19150775,3.230702601,16.93627413,27.24169035,12.34844553,15.81222397,2.84616305,18.61897069,15.77280764,18.61897069,0.947295781,0.019377397,0.94756119,0.928183793,0.928183793,0.153960574,5.439147114,5.46695691,0.027809796,5.46695691,0.107932272,2.75729685,2.77999871,0.02270186,2.233361067,-0.00326742,2.241339253,2.230390262,-0.010948991,2.230390262,-0.104664852,4.45199846,-0.011752869,-4.463751329,-4.463751329,0.130290348,-0.452330376,0.813566761,0.302145677,0.783269054,3.902827871,0.977954543,3.937328447,2.959373904,3.449808787,4.798415964,0.040560378,4.83733078,4.796770402,4.822065496,3.902827871,0.977954543,3.937328447,2.959373904,3.449808787,4.798415964,0.040560378,4.83733078,4.796770402,4.822065496,5.776012845,0.980587933,6.707591116,5.727003183,6.606891621,5.776012845,0.980587933,6.707591116,5.727003183,6.606891621,222.0426988,0,0,0,0,0,0,0,0,0,0,1.520715093,4.308081272,5.02452596,0.716444688,0.716444688,10.25768495,16.48429933,26.22196767,9.737668337,10.94515752,57.6151095,14.50042213,57.8845472,43.38412507,43.38412507,188.572371,2.718830741,188.6222422,185.9034115,185.9034115,15.18359321,4.689836471,16.09333492,11.40349845,11.40349845,0,0,0,0,0,52.08983231,2.821604908,54.8436745,52.02206959,54.47677243,0,0,0,0,0,15.18359321,4.689836471,16.09333492,11.40349845,11.40349845,13.6294118,4.092624913,13.79443649,9.701811575,10.48414826,52.08983231,2.821604908,54.8436745,52.02206959,54.47677243,41.76846163,14.6602878,42.28440125,27.62411345,39.03184082,0.305483276,57.6151095,14.50042213,57.8845472,43.38412507,43.38412507,188.6012977,1.820168298,-0.055933559,228.2963511
,9e-pcbu3,C1CC(P(C2CCC2)C2CCC2)C1,1.314364014,0.082200849,1.356570402,1.274369553,1.334186481,0.285570351,0.0735794,-6.06247996,-3.167230723,-9.229710683,1.610811284,-0.664911644,-0.650273483,1.315184947,-0.226694398,0.030171806,0.256866204,-0.098261296,0.018794863,0.576045986,0.134209319,-0.456081147,-0.4534917,1.968408245,1.965961686,0.216668156,0.215228542,0.034576047,0.038027972,-0.30728089,1.938747639,51.95047934,0.764344042,0.630134723,1.340390028,300.7821526,252.1859819,309.8408918,340.3195752,-54.20223776,3.364706647,17.02046947,27.92850833,11.50511096,16.12314701,7.394623225,20.63507298,13.24044975,20.63507298,0.94461967,0.051505852,0.962497037,0.910991186,0.910991186,2.501288895,3.709314175,5.041787786,1.332473611,5.041787786,1.554518875,2.292477128,2.837802768,0.54532564,2.837802768,0.360685198,1.245225305,1.473509772,0.228284466,1.163726856,-1.915204073,2.958104817,-1.087959037,-4.046063854,-4.001529624,0.116117708,-0.440934384,0.82826982,0.20418532,0.752109729,3.657037237,0.996173605,4.001397001,3.005223397,3.046019301,5.700246927,0.297921438,5.7158475,5.417926062,5.634948365,3.652208295,0.996173605,4.001397001,3.005223397,3.046019301,5.700246927,0.297921438,5.7158475,5.417926062,5.634948365,6.799533394,1.205668043,6.929010287,5.723342244,6.929010287,6.799533394,1.205668043,6.929010287,5.723342244,6.929010287,259.9390563,0.040846547,0.472748904,0.472748904,0,0,0.053338794,0.597430251,0.597430251,0,0,3.317780544,4.96386349,7.150850123,2.186986633,3.705640191,25.2159918,30.48230438,41.17518585,10.69288147,36.01680882,52.2948946,15.16352568,64.5375467,49.37402102,49.37402102,233.5384038,2.44396908,234.3153916,231.8714225,231.8714225,15.20156216,4.120864339,18.30437736,14.18351302,15.5264546,0,0,0,0,0,69.10412007,6.911434264,73.03713619,66.12570193,73.03713619,0,0,0,0,0,15.24222796,4.593613242,18.77712626,14.18351302,15.5264546,10.89209274,5.131208235,14.85812152,9.726913287,9.734234619,69.1042522,6.837271132,73.03713619,66.19986506,73.03713619,39.43847269,20.85839251,50.30629401,29.44790149,32.58160638,0.223694438,52.33574115,15.31727366,64.69129469,49.37402102,49.37402102,233.963203,1.80116502,-0.06228549,297.0544887
,9a-cbujohnphos,c1ccc(-c2ccccc2P(C2CCC2)C2CCC2)cc1,1.050972231,0.708117646,1.628216091,0.920098445,1.493804622,0.269727653,0.015538149,-8.623858081,-6.104536183,-14.72839426,1.736370641,-0.8324395,-0.577625446,1.410065041,-0.221339844,-0.031038851,0.190300993,-0.126189348,0.041843097,0.390838358,0.013975555,-0.45979414,-0.454401675,1.960099795,1.956190013,0.216909754,0.209975097,0.036917774,0.041752875,-0.308543272,1.926783495,52.01869303,0.779505687,0.765530132,1.170344045,312.2816688,279.7814136,312.527333,344.536261,-54.1946953,4.254439183,19.45663576,35.75940685,12.26525776,16.19540132,9.961294458,24.75225497,14.79096051,21.7995783,0.944259945,0.077061604,0.953354757,0.876293153,0.897990096,6.209047798,2.236049646,6.951700226,4.71565058,5.717943603,3.953579229,2.425725603,5.023717006,2.597991404,4.423395434,0.723211226,3.377689375,2.459289473,-0.918399902,-0.918399902,-4.676790454,1.913633471,-3.348109642,-5.261743113,-3.504995532,0.06186563,-0.380508143,0.763413035,0.015171526,0.503811467,3.948726906,1.158704705,4.241869462,3.083164756,3.776287505,6.680874761,0.942921641,7.120594807,6.177673166,6.577345213,3.925606731,1.088631735,4.142076745,3.053445009,3.567615501,6.547075379,0.907744493,7.005130791,6.097386297,6.144059102,7.059072165,1.467754113,8.233334969,6.765580856,6.996216278,7.36425609,3.593726015,10.35930687,6.765580856,9.353339887,345.4860385,16.94054532,21.95563051,21.95563051,0,0,45.92700008,62.26484271,62.26484271,0,0,24.06081784,23.96272154,28.92344732,4.960725776,5.429291061,98.24449611,90.4503605,131.7172939,41.26693344,76.73489617,63.21802127,17.00327197,71.20205116,54.1987792,54.1987792,293.5778594,62.4049166,341.4211031,279.0161865,341.2411912,21.5968996,5.839285686,22.21292305,16.37363737,16.37363737,0.003024463,0.048111614,0.048111614,0,0,114.4856552,14.95791912,122.0709223,107.1130032,120.8070029,0.002022202,0.032168157,0.032168157,0,0,36.31817139,25.22199074,41.59562811,16.37363737,16.37363737,12.0783105,5.611278471,15.38002794,9.768749473,10.9443463,155.1370679,59.64486794,167.7680808,108.1232129,120.8070029,48.48719336,33.44723783,66.85627943,33.4090416,43.14835405,0.234781718,80.1585666,38.95890247,93.15768167,54.1987792,54.1987792,341.3893818,1.818374053,-0.057516998,402.6955848
,9c-etjohnphos,CCP(CC)c1ccccc1-c1ccccc1,1.064022161,0.573325634,1.513641046,0.940315411,1.447048785,0.27441743,0.016315573,-6.061284743,-5.912702494,-11.97398724,1.769632977,-0.822779065,-0.617219812,1.439998645,-0.222870663,-0.031690751,0.191179912,-0.127280707,0.042373098,0.374825355,0.019484492,-0.457673385,-0.450095692,1.962199208,1.958416705,0.207802149,0.199089603,0.032079754,0.036526402,-0.312363401,1.929250802,52.58058003,0.762449099,0.742964607,1.137274454,315.8770291,290.8268152,316.2788942,340.5253874,-54.19157784,3.879033397,18.92060309,34.00321477,12.1066618,16.64828682,7.54640713,22.29931453,14.7529074,22.29931453,0.941375708,0.058904441,0.953823642,0.894919201,0.894919201,6.062074519,1.66396195,6.940727763,5.276765813,6.761023078,3.982468188,1.565810254,4.845394375,3.279584121,4.727367076,0.479288219,2.131843714,1.868956765,-0.262886949,0.105064512,-4.461756407,1.406095398,-3.905560607,-5.311656005,-4.832431588,0.064095248,-0.38818616,0.789140237,0.018951087,0.49445675,3.230034956,0.488457624,3.45887155,2.970413926,3.010163012,6.750614864,0.953141022,7.147923448,6.194782427,6.577553594,3.219580123,0.488457624,3.45887155,2.970413926,3.010163012,6.51330798,0.790963323,6.888374462,6.097411139,6.141634881,6.985172654,1.629763809,8.202470688,6.572706879,8.114412305,7.204861941,3.428294567,10.00100145,6.572706879,9.162867627,297.2045998,13.02603628,22.22547391,22.22547391,0,0,36.63497329,61.3571387,61.3571387,0,0,21.08315357,24.50554605,29.26232042,4.756774369,7.072407274,106.4252583,75.46128545,129.4503733,53.98908781,93.57990229,57.57503399,10.56677472,61.64143672,51.07466199,51.07466199,248.4120841,61.37922421,287.2491895,225.8699653,283.119771,21.39894728,5.497274864,22.07277183,16.57549696,16.67799562,0,0,0,0,0,115.8532859,17.39246108,123.9691957,106.5767347,122.3564355,0,0,0,0,0,32.89263771,24.38212931,40.95762627,16.57549696,16.67799562,10.18190204,1.841838097,11.44742644,9.605588347,9.605588347,149.2284632,54.67953705,163.2155211,108.5359841,122.3564355,29.43134848,21.21209379,43.93994646,22.72785267,28.77653317,0.246288091,70.60107027,30.75691817,81.83158017,51.07466199,51.07466199,286.5995657,1.818658806,-0.057983423,337.6613286
